Unnamed: 0,Ар1.0,Ар2.0,Ар4.0,Ариск0,Кф,Лат,Овт,ПК0,ВР,target
101,8774660.0,241575.0,8719197.0,10945443.0,1.02,54614404.0,43667599.0,2335563.0,0.0,0
1016,264663.0,3085.0,218424.0,264663.0,1.0,373464.0,91082.0,222504.0,2290.45,0
1027,894170.0,65187.0,668673.0,1061001.0,1.02,1106171.0,804323.0,165154.0,0.0,0
1046,192412.0,6003.0,244793.0,192412.0,1.0,227163.0,170039.0,161441.0,0.0,0
1049,1924893.0,185737.0,4788524.0,1924893.0,0.99,2789038.0,2823832.0,264080.0,0.0,0
1052,644047.0,2750.0,590571.0,644047.0,0.99,860572.0,851742.0,148533.0,0.0,0
106,525130.0,169758.0,707859.0,525130.0,1.01,1239591.0,1239836.0,827.0,1440.0,0
1071,485997.0,1465.0,466512.0,485997.0,1.0,969165.0,890467.0,297025.0,1030.14,0
1114,334725.0,1282.0,490803.0,334725.0,1.25,342548.0,221109.0,44543.0,517.92,0
1136,638605.0,194.0,906416.0,638605.0,0.99,759985.0,763886.0,218135.0,746.96,0
1143,692209.0,46903.0,2343816.0,692209.0,0.95,4208687.0,2844236.0,0.0,0.0,0
1144,1499711.0,5036.0,2413275.0,1499711.0,1.0,1952268.0,1306632.0,53657.0,1162.0,0
1151,494668.0,7763.0,1042659.0,494668.0,1.03,545656.0,655023.0,126547.0,0.0,0
1158,2467072.0,18149.0,3008446.0,2617895.0,1.0,5062063.0,3911536.0,652160.0,0.0,0
1189,1487475.0,11393.0,21897766.0,1487475.0,1.0,4311742.0,3372123.0,1054163.0,0.0,0
121,46983566.0,275225.0,11653565.0,58800044.0,0.99,18373280.0,16561246.0,3922119.0,0.0,0
1281,483563.0,39799.0,1320092.0,483563.0,1.0,558720.0,362591.0,158186.0,0.0,0
1288,2679963.0,10200.0,3367811.0,3443391.0,1.0,3719108.0,4029867.0,586780.0,2058.93,0
1293,5445217.0,36344.0,1937785.0,5445217.0,1.07,7126951.0,5296209.0,42683.0,994.67,0
1307,20112905.0,2000981.0,8161456.0,20112905.0,0.91,44262985.0,38516745.0,2055301.0,0.0,0
1309,72416.0,755.0,143760.0,72416.0,1.0,74149.0,104118.0,119133.0,0.0,0
1312,1344465.0,2138.0,1336573.0,1344465.0,0.99,1454543.0,842753.0,193661.0,0.0,0
1317,5029123.0,137971.0,2127816.0,5029123.0,1.0,5908651.0,4639939.0,790386.0,0.0,0
1319,4982993.0,5951.0,13062818.0,4982993.0,1.01,7177998.0,2559313.0,4387458.0,6.87,0
1376,1250016.0,17827.0,2897372.0,4017426.0,1.0,5441626.0,3035484.0,62108.0,0.0,0
1399,1271834.0,92339.0,970605.0,1271834.0,1.0,1731086.0,1201209.0,63449.0,0.0,0
1405,86393.0,491.0,1012582.0,86393.0,1.0,351459.0,601152.0,439055.0,1018.4,0
1411,308074.0,30200.0,1232584.0,308074.0,1.0,497313.0,719893.0,545540.0,0.0,0
1455,1891700.0,17616.0,3902573.0,1891700.0,1.0,2196830.0,1296042.0,607071.0,4189.0,0
1470,79852791.0,2895043.0,72436865.0,79831479.0,1.0,88282733.0,113172765.0,27078445.0,0.0,0
1478,35424.0,0.0,86579.0,35424.0,1.0,33871.0,4943.0,184973.0,0.0,0
1481,2621485491.0,289475950.0,3436316393.0,2624190813.0,1.0,5156196989.0,9733566133.0,2788362922.0,12129295.0,0
1557,10051999.0,396732.0,84480441.0,10051999.0,1.0,10539661.0,20484424.0,6372145.0,3750.41,0
1573,1824443.0,52796.0,9584450.0,1824443.0,0.99,7077880.0,6487445.0,1242429.0,0.0,0
1637,5555320.0,324740.0,15330903.0,29552354.0,1.0,46503407.0,27641689.0,4114110.0,44890.0,0
1659,1213289.0,53094.0,5032291.0,1213289.0,1.0,1821225.0,1728784.0,283007.0,0.0,0
1673,16510.0,36524.0,733560.0,16510.0,0.96,216541.0,194626.0,102484.0,0.0,0
170,8990809.0,1340631.0,91631728.0,8990809.0,0.95,20832053.0,10345714.0,387387.0,0.0,0
1732,983532.0,1941.0,636850.0,983532.0,0.99,1887690.0,631572.0,12112.0,7722.64,0
1747,603372.0,11067.0,829327.0,603347.0,0.98,805635.0,774856.0,4817.0,0.0,0
1752,3333994.0,32433.0,8921774.0,3333994.0,0.99,3629507.0,2958817.0,531325.0,0.0,0
1765,61475.0,27929.0,701739.0,61475.0,0.98,205472.0,174145.0,55392.0,0.0,0
1781,1062942.0,4277.0,949309.0,1062942.0,0.98,1140549.0,672677.0,494060.0,961.0,0
1788,410180.0,26086.0,784692.0,410180.0,0.95,604692.0,301229.0,177815.0,1054.88,0
1809,1721621.0,9010.0,599876.0,1721621.0,0.96,1847146.0,1238883.0,365325.0,0.0,0
1810,12324755.0,339275.0,69616149.0,12307875.0,1.08,20788360.0,38588137.0,4651629.0,0.0,0
1829,1153395.0,14152.0,11582866.0,1816476.0,0.89,9123108.0,6593284.0,315998.0,16717.06,0
1885,15696455.0,701172.0,29976894.0,15696455.0,0.97,21948733.0,16179952.0,8978442.0,36911.0,0
1896,1386224.0,6285.0,1832599.0,1386224.0,0.99,1457488.0,848654.0,435990.0,0.0,0
1920,9300045.0,272958.0,9434703.0,9864169.0,0.96,15750601.0,12930032.0,2604206.0,18850.22,0
1926,146075.0,11171.0,675625.0,146075.0,0.99,226656.0,121712.0,185709.0,0.0,0
1927,13758440.0,382209.0,1464763.0,13758440.0,0.99,23117965.0,16852392.0,497931.0,15554.26,0
1948,3101267.0,45503.0,282866.0,3101267.0,0.98,2429871.0,2080625.0,48902.0,0.0,0
1949,683944.0,118.0,204316.0,683944.0,1.04,701846.0,294604.0,17846.0,0.0,0
1966,4258865.0,41620.0,16052569.0,4258865.0,0.98,8384997.0,4340515.0,1582137.0,0.0,0
1973,831040.0,9901.0,943311.0,831040.0,0.99,1050558.0,212585.0,24542.0,0.0,0
2,549161.0,887.0,329857.0,549161.0,1.0,1053871.0,501362.0,813650.0,1132.78,0
2015,2165440.0,104578.0,4002398.0,2165440.0,1.0,2951170.0,2478522.0,374493.0,0.0,0
2027,241957.0,26148.0,338793.0,238966.0,1.0,391258.0,406763.0,0.0,2168.07,0
2034,1169441.0,7601.0,262221.0,1169441.0,1.0,1487741.0,875360.0,132852.0,0.0,0
2048,8555315.0,2519059.0,22733349.0,8549051.0,0.99,14845292.0,16764240.0,2083935.0,0.0,0
2053,25628.0,111718.0,308234.0,25628.0,1.0,585470.0,167871.0,1264.0,0.0,0
2063,1141238.0,106540.0,3982206.0,1141238.0,1.0,2427624.0,2096237.0,534283.0,0.0,0
2065,1359369.0,3494.0,1443359.0,1359369.0,1.0,1495760.0,1163046.0,172377.0,0.0,0
2070,563138.0,20694.0,1012121.0,563138.0,0.83,802625.0,788746.0,3069.0,28161.61,0
21,575800.0,10665.0,846221.0,575800.0,0.94,692942.0,807502.0,235793.0,2123.26,0
2103,528139.0,194441.0,1657284.0,528139.0,0.98,1698917.0,1540592.0,1099865.0,1797.77,0
2119,747651.0,44258.0,4292811.0,747651.0,1.05,6405237.0,3060829.0,586515.0,24398.09,0
212,5932740.0,393948.0,7128943.0,6426402.0,0.97,7719400.0,5225913.0,373246.0,0.0,0
2156,314006.0,94177.0,2408620.0,692279.0,0.86,2264876.0,2042430.0,2396332.0,3796.48,0
2170,3390680.0,17186.0,1040219.0,3390680.0,1.0,6503329.0,2337391.0,440369.0,30181.0,0
2208,823768.0,101456.0,6188327.0,823768.0,0.98,5761582.0,3060146.0,906106.0,0.0,0
2216,4016954.0,1940528.0,37705245.0,4016559.0,1.0,15705862.0,20865005.0,3506104.0,34165.73,0
2225,23450374.0,270690.0,72306982.0,23450374.0,1.01,25872457.0,24918223.0,12750144.0,0.0,0
2241,12509135.0,5188577.0,15908650.0,10922559.0,0.99,39380046.0,41145692.0,0.0,0.0,0
2245,209279.0,30389.0,461184.0,209279.0,0.97,350876.0,356868.0,74460.0,0.0,0
2249,1094889.0,307360.0,960773.0,1094889.0,0.96,2856334.0,2108477.0,781206.0,7960.75,0
2252,944997.0,642.0,922699.0,944997.0,0.94,1318674.0,495490.0,1232500.0,0.0,0
2254,61586.0,707.0,251717.0,61586.0,1.37,307852.0,352303.0,649058.0,888.09,0
2275,71654021.0,1578855.0,210203849.0,71266302.0,1.0,161921396.0,184429702.0,35207064.0,21003.43,0
2304,26416474.0,22885.0,64369551.0,26416474.0,1.0,5579621.0,6626158.0,2707920.0,87465.42,0
2307,19969515.0,343408.0,51545191.0,35155387.0,1.0,40121049.0,24385325.0,7051782.0,23858.6,0
2309,10370186.0,1428165.0,10770083.0,13227152.0,1.0,34016464.0,30300072.0,0.0,29161.02,0
2347,955940.0,109893.0,1215796.0,955940.0,1.08,2435860.0,2388344.0,1487072.0,7575.22,0
236,169862.0,7.0,345698.0,169862.0,0.99,295088.0,277947.0,406341.0,934.48,0
2368,446843.0,204232.0,1581323.0,446843.0,0.93,2220477.0,962676.0,62927.0,0.0,0
2374,1224606.0,88233.0,90988.0,1224606.0,1.0,1824171.0,1466220.0,0.0,0.0,0
2390,5396113.0,433509.0,1911404.0,5396113.0,0.99,7741879.0,6988131.0,137938.0,0.0,0
2407,213649.0,369.0,253307.0,213649.0,1.0,218499.0,56756.0,0.0,0.0,0
2433,80077.0,74622.0,1215762.0,80077.0,1.01,520657.0,495917.0,641463.0,3948.55,0
2438,821744.0,1764.0,604164.0,821744.0,1.0,1325589.0,897065.0,284912.0,0.0,0
2440,13871337.0,1580354.0,44824435.0,33597871.0,0.98,30798506.0,35271489.0,5012386.0,0.0,0
2443,18815799.0,131346.0,24395179.0,18815674.0,1.01,28599069.0,36650826.0,19221397.0,56042.97,0
2484,96259.0,33701.0,341716.0,96259.0,0.98,297702.0,198619.0,13724.0,1243.05,0
249,5040065.0,43904.0,11894730.0,5040065.0,1.0,9833125.0,8568273.0,1848227.0,20236.03,0
2490,14755079.0,606443.0,18888296.0,15630049.0,0.98,10751997.0,11764153.0,405068.0,1089.99,0
2494,16878449.0,5923275.0,1026612.0,35347012.0,0.93,36800704.0,22104378.0,0.0,0.0,0
2499,353269.0,1298.0,922823.0,353269.0,1.0,411660.0,317584.0,184812.0,0.0,0
2506,4512194.0,255789.0,2705866.0,4847324.0,1.0,9516612.0,7510053.0,179686.0,9438.74,0
2507,754314.0,156144.0,3929107.0,754314.0,1.01,8710214.0,8036010.0,960564.0,17268.6,0
2518,6376808.0,1464841.0,69262373.0,6376808.0,0.98,30707642.0,26854014.0,6409062.0,74322.0,0
2524,933138.0,630.0,834414.0,933138.0,1.0,1118173.0,598028.0,205172.0,4094.72,0
2530,929566.0,9390.0,1014391.0,929566.0,0.89,1040076.0,1040020.0,374887.0,0.0,0
2534,2967292.0,45018.0,13060450.0,2967292.0,1.03,3588578.0,1706806.0,28352.0,6467.98,0
254,1477600.0,482707.0,13472796.0,1477600.0,1.0,6117288.0,8083984.0,1622846.0,0.0,0
2551,17449172.0,132970.0,8142147.0,17449172.0,1.0,29466336.0,14499088.0,471430.0,0.0,0
2559,1140677.0,198770.0,4604881.0,1140677.0,0.96,2521251.0,2084663.0,2165902.0,0.0,0
256,3444235.0,2126.0,903377.0,3444235.0,0.94,6814662.0,3254597.0,17460.0,0.0,0
2564,847223.0,2208.0,1778673.0,847223.0,1.01,950982.0,1205079.0,173709.0,1212.5,0
2574,320690.0,13070.0,859640.0,732358.0,1.01,744574.0,647913.0,12053.0,0.0,0
2576,1846611.0,5471.0,4091063.0,1846611.0,1.0,1752225.0,1765401.0,899733.0,6136.0,0
2584,4764101.0,232333.0,20576663.0,4764101.0,1.0,11918423.0,13327044.0,622811.0,0.0,0
2593,1080497.0,1606.0,2468786.0,1080497.0,0.78,1929073.0,1623545.0,110892.0,12887.56,0
2602,6114021.0,37635.0,16584764.0,6114021.0,0.89,11275633.0,14077525.0,2243585.0,7675.53,0
2607,287438.0,1.0,456365.0,287438.0,1.0,1420480.0,583031.0,557738.0,0.0,0
2609,1002485.0,3601.0,1210615.0,1002485.0,0.99,1261989.0,700605.0,294862.0,0.0,0
2611,15322163.0,6746.0,16176348.0,15322163.0,1.0,22961416.0,26343551.0,1672777.0,15196.56,0
2618,12398445.0,653554.0,27459790.0,12398445.0,0.98,21752894.0,26489941.0,3666294.0,18598.16,0
2629,18376850.0,2777431.0,656879.0,18376850.0,1.12,21987973.0,3164912.0,12.0,0.0,0
2638,6380113.0,678.0,3350676.0,6380113.0,0.99,645117.0,509797.0,364309.0,808.75,0
2645,3258140.0,57999.0,2612468.0,3258140.0,0.98,3940960.0,3243510.0,207180.0,4011.91,0
2646,413766.0,5859.0,2040780.0,493167.0,0.89,1182178.0,456867.0,370868.0,0.0,0
2650,1245034.0,15132.0,549175.0,1245034.0,0.78,1625432.0,1186716.0,136825.0,0.0,0
2659,1043777.0,56237.0,2240155.0,1043777.0,1.0,1691278.0,1509428.0,114960.0,0.0,0
2664,446719.0,11362.0,3262812.0,446719.0,1.04,2378884.0,1456484.0,1237092.0,0.0,0
2682,2508269.0,15078.0,1850294.0,2508269.0,0.98,3315007.0,1949057.0,75758.0,0.0,0
2684,4316818.0,173466.0,3550442.0,4710907.0,0.93,3278014.0,2920839.0,1751580.0,0.0,0
2707,8382998.0,317093.0,50309587.0,36819154.0,1.0,27414874.0,27346225.0,4067070.0,0.0,0
272,661167.0,504.0,1118303.0,661167.0,1.0,984985.0,997938.0,59904.0,6062.56,0
2721,3998430.0,110663.0,1648524.0,4517436.0,0.98,5279773.0,2609231.0,233261.0,4906.39,0
2722,141759.0,8755.0,559858.0,141759.0,0.95,208028.0,198833.0,188747.0,0.0,0
2726,1378456.0,6708.0,2361215.0,1378456.0,0.97,0.0,0.0,0.0,4849.2,0
2733,9753716.0,113793.0,37124252.0,9753716.0,0.98,15784693.0,21611511.0,875306.0,18107.0,0
2749,550679.0,2967.0,436248.0,550679.0,0.0,0.0,0.0,0.0,15700.0,0
2755,2867996.0,21367.0,3879152.0,3876966.0,1.0,7493584.0,6026811.0,4031650.0,20577.76,0
2756,205128.0,49126.0,1025009.0,205128.0,1.0,512911.0,513016.0,17600.0,0.0,0
2764,661330.0,372115.0,3427709.0,661330.0,0.98,4201555.0,3432393.0,4930843.0,0.0,0
2776,2780818.0,335659.0,2200271.0,2780818.0,0.98,6085043.0,3437827.0,163432.0,0.0,0
2789,1198455.0,43.0,27778936.0,1198455.0,0.96,1942927.0,1726401.0,5697.0,0.0,0
2796,422129.0,0.0,63014.0,422129.0,0.98,459081.0,94408.0,46498.0,0.0,0
2799,1189395.0,6206.0,1324517.0,1189061.0,0.83,8094625.0,5189151.0,17742.0,0.0,0
2802,866250.0,130581.0,665045.0,866250.0,0.96,1331637.0,883331.0,54262.0,0.0,0
2807,828222.0,9161.0,4313079.0,828222.0,0.94,1395266.0,1672410.0,1084750.0,0.0,0
2816,20240448.0,38496.0,16932153.0,20240448.0,1.0,33818647.0,34395209.0,752278.0,10537.67,0
2830,198351.0,3.0,596024.0,198351.0,0.95,258195.0,188712.0,0.0,0.0,0
2838,683887.0,109178.0,1675454.0,683887.0,0.91,1630262.0,1206596.0,283126.0,0.0,0
2846,1192975.0,7153.0,147806.0,1192975.0,1.01,1674503.0,649668.0,573876.0,0.0,0
2853,375685.0,80538.0,619083.0,375685.0,1.0,476851.0,739848.0,41759.0,0.0,0
2860,4196031.0,4142.0,1974129.0,4196031.0,1.05,5111415.0,3337084.0,362155.0,0.0,0
2867,6555497.0,116790.0,7439285.0,6966898.0,1.0,8663959.0,5031110.0,3604507.0,0.0,0
2868,152108.0,113.0,1124236.0,152108.0,1.0,179499.0,201397.0,482493.0,0.0,0
2876,511917.0,8499.0,246075.0,511917.0,0.91,683918.0,205351.0,98495.0,2550.78,0
2877,496083.0,0.0,243732.0,496083.0,0.99,680288.0,317949.0,60029.0,2148.11,0
2880,9894168.0,8233.0,5633748.0,10343949.0,1.0,11551344.0,3742896.0,4176850.0,17863.02,0
2881,161162.0,1902.0,665206.0,161162.0,0.78,937872.0,646303.0,1179550.0,0.0,0
2883,1144736.0,2814.0,1529231.0,1144736.0,1.0,1400340.0,562902.0,467684.0,0.0,0
2897,411203.0,3600.0,1366640.0,411203.0,0.91,543123.0,451790.0,0.0,0.0,0
2900,2248414.0,7567.0,3067902.0,2248414.0,1.0,2316031.0,1126941.0,1339719.0,1710.48,0
2905,369689.0,273525.0,2205838.0,369689.0,0.98,1947557.0,1697026.0,380565.0,4845.6,0
2914,5489048.0,12518.0,6106547.0,15541677.0,0.95,36374726.0,35022067.0,1519991.0,7853.9,0
2929,9800919.0,143232.0,27531639.0,9800919.0,0.97,12289086.0,13489084.0,19822652.0,0.0,0
2932,732249.0,6821.0,890486.0,732249.0,0.95,935837.0,895461.0,407805.0,4451.72,0
2960,1350962.0,24330.0,1718258.0,1477494.0,0.96,1964574.0,986125.0,819333.0,0.0,0
2964,755076.0,2706.0,1040114.0,788376.0,1.0,1981024.0,983607.0,349325.0,0.0,0
2989,2985845.0,4882796.0,61236921.0,2985845.0,1.03,37523383.0,26548332.0,9799945.0,0.0,0
2990,443500.0,928.0,604172.0,443500.0,0.98,501665.0,148573.0,22151.0,0.0,0
2995,1604233.0,37752.0,2339527.0,1604233.0,1.0,1819159.0,920719.0,930693.0,0.0,0
2996,69785.0,41282.0,400291.0,69785.0,0.96,362703.0,310877.0,3470.0,0.0,0
2998,8688169.0,818247.0,41362283.0,9818473.0,0.97,20272438.0,18047499.0,10650002.0,32921.1,0
3001,4539367.0,2225978.0,14489750.0,4539367.0,1.0,9779190.0,12916407.0,1686267.0,21651.41,0
3013,358318.0,199021.0,2274164.0,358318.0,1.0,5499180.0,2304802.0,1090820.0,22336.25,0
3016,7469664.0,8851508.0,20966990.0,7469664.0,1.74,37980903.0,29881634.0,0.0,0.0,0
3017,484123.0,22671.0,500513.0,484123.0,1.04,702750.0,632361.0,165309.0,4173.54,0
3027,762390.0,9882.0,13980.0,762390.0,1.0,1501605.0,383897.0,0.0,0.0,0
3037,163640.0,1897.0,265049.0,163640.0,1.01,174690.0,66484.0,537.0,447.52,0
3061,1478536.0,79125.0,2572171.0,4004500.0,1.11,10255676.0,5241590.0,6993534.0,40571.94,0
3073,15553707.0,1620221.0,16780320.0,15515449.0,1.0,22183822.0,27296519.0,1530653.0,0.0,0
3077,952757.0,15535.0,4028812.0,952757.0,0.96,4914363.0,2372679.0,3409439.0,9472.06,0
3095,529418.0,72.0,77033.0,529418.0,1.0,538562.0,217306.0,33819.0,0.0,0
3116,385878.0,0.0,177359.0,385878.0,1.0,538195.0,303941.0,76715.0,0.0,0
3122,123543.0,11.0,411038.0,123543.0,0.94,319870.0,177078.0,61537.0,2117.0,0
3124,6918160.0,112584.0,13810577.0,6918160.0,0.99,6696688.0,8397597.0,5983060.0,10297.13,0
3136,69024.0,5760.0,332673.0,69024.0,0.95,111463.0,90649.0,61752.0,2337.69,0
3138,879859.0,246636.0,6999946.0,879859.0,1.01,1941773.0,958447.0,1304160.0,0.0,0
3161,3250548.0,194566.0,4807491.0,3250548.0,1.0,2985869.0,4042310.0,603028.0,0.0,0
3172,3031181.0,24842.0,848130.0,3031181.0,0.97,3573650.0,2134288.0,335404.0,2489.83,0
3175,1902343.0,1387.0,2629976.0,1902343.0,0.92,2504636.0,2847718.0,255638.0,1900.74,0
3176,456744.0,599591.0,29355304.0,456744.0,1.0,4443541.0,4882146.0,9626806.0,546549.29,0
3185,371148.0,458924.0,7402311.0,371148.0,0.99,3292979.0,2235406.0,3219466.0,1511.0,0
3194,195024.0,109742.0,1855702.0,195024.0,1.1,3468939.0,1785036.0,179263.0,4633.0,0
3202,524839.0,75479.0,2059513.0,524839.0,0.9,1116490.0,593044.0,1023598.0,8121.28,0
3207,367606.0,37876.0,544003.0,367606.0,0.98,400054.0,366599.0,180687.0,28231.6,0
3209,1421822.0,10886.0,232428.0,1421822.0,1.0,1442438.0,1134481.0,7214.0,0.0,0
3224,9649350.0,223.0,157625.0,9649350.0,1.0,16238891.0,14994530.0,0.0,0.0,0
3231,623788.0,28301.0,339592.0,623788.0,0.97,844544.0,602592.0,168672.0,2291.25,0
3242,38759.0,147879.0,12552.0,38759.0,0.99,0.0,0.0,0.0,0.0,0
3245,675766.0,17675.0,3658894.0,672954.0,1.0,1254769.0,1607364.0,85197.0,0.0,0
3247,4019824.0,17663.0,1122173.0,4019824.0,0.99,4317602.0,868404.0,224649.0,8251.31,0
3252,1335486.0,74973.0,33836088.0,1335486.0,1.0,2748038.0,3246455.0,6863782.0,1065.01,0
3257,386616.0,137603.0,881228.0,386616.0,0.92,1539178.0,1138509.0,364937.0,0.0,0
3265,397425.0,42361.0,2734140.0,397425.0,1.0,760585.0,1242843.0,1190326.0,2131.84,0
3266,1378062.0,21869.0,14026414.0,1927743.0,0.97,2614305.0,4252678.0,9821878.0,0.0,0
3269,1842217.0,110346.0,8315212.0,1842217.0,1.0,5845808.0,5090516.0,934461.0,0.0,0
3271,774556.0,123795.0,774777.0,774556.0,1.0,1169968.0,961981.0,29626.0,0.0,0
3290,41481578.0,5203214.0,7345778.0,41481578.0,1.03,64836716.0,62345325.0,1629433.0,23578.02,0
3293,6259550.0,4205.0,1236301.0,6259550.0,1.0,6538438.0,1737905.0,242369.0,0.0,0
3296,841173.0,20782.0,1719531.0,841173.0,0.6,1530571.0,650574.0,34991.0,1579.86,0
330,700130.0,17950.0,950425.0,700130.0,1.0,832944.0,383823.0,119919.0,0.0,0
3300,8633226.0,41425.0,7647448.0,8633226.0,0.99,10430727.0,3329393.0,603585.0,8407.93,0
3303,1673058.0,449373.0,2167532.0,1673058.0,1.01,3819790.0,3833402.0,103701.0,2572.01,0
3312,426963.0,58116.0,421414.0,426963.0,0.99,2077139.0,635838.0,14345.0,0.0,0
3314,518845.0,155241.0,132147.0,518845.0,1.0,0.0,0.0,0.0,0.0,0
3330,732145.0,20335.0,5345838.0,732145.0,1.0,4263462.0,5101859.0,3467692.0,0.0,0
3333,12601499.0,7501446.0,7565628.0,12601499.0,1.0,35079324.0,32069674.0,2001378.0,32402.44,0
3337,15670918.0,10000611.0,10188560.0,15670918.0,1.0,21839633.0,30654193.0,2852721.0,0.0,0
3342,144275.0,1170.0,76703.0,144275.0,0.99,0.0,0.0,0.0,0.0,0
3344,3857922.0,901689.0,4420400.0,3857922.0,1.07,16047505.0,12751713.0,1470755.0,0.0,0
3351,830592.0,109031.0,560808.0,1014647.0,0.95,2089694.0,1705388.0,64887.0,4558.74,0
3365,3626095.0,770234.0,5755910.0,3626095.0,1.0,14000120.0,3626282.0,4633278.0,0.0,0
3379,254188.0,33585.0,379891.0,254188.0,0.99,464602.0,446453.0,0.0,0.0,0
3388,39172182.0,211496.0,22400232.0,39172182.0,0.98,81207016.0,75309888.0,8220919.0,0.0,0
3390,2868295.0,3245167.0,916117.0,2868295.0,1.0,6966722.0,2982816.0,2921265.0,0.0,0
3395,1822269.0,47870.0,4466504.0,1822269.0,1.0,2654375.0,620588.0,730480.0,0.0,0
3396,21335394.0,585672.0,16977074.0,21335394.0,1.0,38334489.0,34042537.0,4792623.0,51321.68,0
3397,937726.0,171979.0,515108.0,937726.0,1.0,1950833.0,864983.0,118502.0,0.0,0
3403,3380871.0,2695.0,6822768.0,3380871.0,0.97,4335952.0,2422364.0,207780.0,0.0,0
3407,22088979.0,3513483.0,1107875.0,22088979.0,1.08,33227625.0,19192483.0,5.0,0.0,0
3413,946166.0,1.0,843044.0,946166.0,1.0,946882.0,207317.0,381726.0,0.0,0
3415,538328.0,42273.0,263877.0,538328.0,1.0,845372.0,557090.0,17523.0,0.0,0
3416,930173.0,40005.0,1418769.0,930173.0,0.98,970802.0,396058.0,179147.0,0.0,0
3417,837781.0,58783.0,1407975.0,837781.0,0.97,2427738.0,2307036.0,182034.0,0.0,0
3421,3512935.0,119020.0,16369288.0,3512935.0,0.97,8860483.0,6670302.0,6319905.0,0.0,0
3427,124731.0,2331.0,33876.0,124731.0,0.97,0.0,0.0,0.0,520.34,0
3436,203136.0,38217.0,1471469.0,203136.0,0.93,843657.0,635006.0,1044638.0,3969.5,0
3437,85910.0,81015.0,6120756.0,85910.0,0.99,1335288.0,1061449.0,3999828.0,5314.11,0
3446,1269194.0,1147.0,1502195.0,2015373.0,1.0,2764880.0,975615.0,0.0,4287.68,0
3450,692170.0,310.0,255352.0,3720718.0,1.0,8944619.0,10212811.0,198109.0,4468.24,0
3452,64315.0,11451.0,285083.0,64315.0,1.0,126787.0,98581.0,41256.0,850.53,0
3454,5297839.0,337676.0,1498237.0,5297839.0,0.99,0.0,0.0,0.0,2.12,0
3456,4594894.0,54927.0,266483.0,4594894.0,1.22,8629467.0,2339484.0,28.0,10092.0,0
3460,99090.0,257653.0,327186.0,99090.0,0.99,928993.0,837552.0,1235895.0,0.0,0
3463,182756.0,795562.0,384181.0,182756.0,1.0,4041144.0,33836.0,0.0,0.0,0
3465,24584585.0,10323940.0,652224.0,24584585.0,1.0,40893054.0,38138099.0,0.0,0.0,0
3467,1114744.0,61253.0,2320515.0,1114744.0,1.0,2347176.0,1872489.0,1472.0,6354.07,0
3468,2335814.0,40099.0,191535.0,2335814.0,1.0,2531491.0,1471642.0,8085.0,0.0,0
3470,4224411.0,14748.0,68608501.0,4224411.0,1.0,7557842.0,4887478.0,68791.0,0.0,0
3473,633663.0,656869.0,20796311.0,633663.0,0.97,4443169.0,2949935.0,224368.0,0.0,0
3475,17300960.0,258316.0,31941171.0,17300960.0,1.0,24742288.0,30688770.0,490329.0,0.0,0
3479,6033481.0,1255175.0,4058808.0,6033481.0,0.98,12070279.0,12660761.0,209745.0,0.0,0
3481,114039.0,24511.0,1930829.0,114039.0,0.94,324221.0,22290.0,290489.0,0.0,0
3482,3187653.0,1641303.0,35720265.0,3187653.0,1.0,10493529.0,14226422.0,856661.0,0.0,0
3486,573513.0,13871.0,345708.0,573513.0,1.0,0.0,0.0,19767.0,0.0,0
3490,17942847.0,58065.0,824367.0,17942847.0,0.9,29365438.0,10437429.0,0.0,0.0,0
3494,23000866.0,8006250.0,11359002.0,23000866.0,1.0,38581598.0,42468369.0,0.0,0.0,0
3495,177763.0,106000.0,2137736.0,177763.0,1.0,673880.0,637676.0,90824.0,0.0,0
3499,1545078.0,499162.0,731403.0,1545078.0,1.0,4542588.0,4576946.0,0.0,777.54,0
3500,2250452.0,1252854.0,32183047.0,2250452.0,0.98,7222085.0,5012665.0,7925.0,0.0,0
3510,11878832.0,66959.0,1473590.0,11800824.0,0.98,0.0,0.0,0.0,0.0,0
3511,567447.0,27772.0,68823.0,501897.0,0.96,0.0,0.0,0.0,0.0,0
3512,737010.0,23255.0,69857.0,737010.0,1.0,0.0,0.0,315.0,0.0,0
3515,2769436.0,1695856.0,9879952.0,2769436.0,1.0,12679297.0,13788197.0,144711.0,0.0,0
3516,238976.0,3962.0,2207475.0,238976.0,0.98,325670.0,34258.0,588.0,0.0,0
3519,323659.0,5892.0,3390001.0,323659.0,0.99,626748.0,387451.0,0.0,0.0,0
3524,2665835.0,545.0,2242.0,2665835.0,1.0,0.0,0.0,0.0,0.0,0
3525,7219476.0,1910058.0,287223.0,7219476.0,1.0,12604987.0,12231937.0,463421.0,0.0,0
3527,5639523.0,1193.0,893662.0,5639523.0,1.0,5658154.0,4091750.0,13782.0,1187.6,0
3528,1126816.0,38609.0,1758390.0,1126816.0,0.89,1512871.0,1474855.0,44179.0,1231.57,0
3529,4459890.0,825388.0,5257807.0,4459890.0,1.0,8648783.0,3843691.0,0.0,0.0,0
3533,71902.0,285.0,223759.0,71902.0,0.39,0.0,0.0,0.0,809.69,0
3536,1009417.0,408.0,208032.0,1009417.0,0.85,0.0,0.0,0.0,0.0,0
356,923215.0,19061.0,737191.0,923215.0,1.0,1440450.0,1110583.0,283283.0,2515.65,0
384,582205.0,4728.0,245006.0,582205.0,1.0,0.0,0.0,0.0,0.0,0
415,19818410.0,2007695.0,50880226.0,19818410.0,1.0,55779470.0,71113666.0,1015545.0,0.0,0
435,315203.0,14643.0,1088534.0,423497.0,1.16,3868341.0,2838162.0,4750.0,5475.0,0
438,979815.0,71934.0,2387797.0,979815.0,1.14,1264663.0,883067.0,467798.0,0.0,0
478,2661103.0,79882.0,2220855.0,2661103.0,0.98,3932274.0,2063982.0,64949.0,0.0,0
480,4812089.0,783424.0,9867940.0,4812089.0,1.0,9071678.0,6151735.0,1493278.0,0.0,0
481,1853287.0,9496.0,3271070.0,1853287.0,1.0,2539364.0,2239881.0,2289933.0,0.0,0
485,6529472.0,863763.0,31188503.0,12888030.0,1.02,17254478.0,17388568.0,628047.0,34930.64,0
492,2295256.0,9138.0,1359352.0,2295256.0,1.0,2728376.0,1651218.0,764610.0,0.0,0
52,1261594.0,8964.0,8160492.0,1261594.0,0.97,2260153.0,2571358.0,454823.0,0.0,0
520,334237.0,270941.0,8123177.0,345837.0,1.0,2933575.0,1246619.0,901724.0,12475.93,0
53,3712470.0,99270.0,10200089.0,3712470.0,1.0,6585832.0,5738005.0,912124.0,4508.31,0
537,1129091.0,3416.0,854147.0,1129091.0,1.0,1184164.0,737557.0,69737.0,0.0,0
538,82203.0,1640.0,653339.0,82203.0,1.0,561308.0,256773.0,259339.0,0.0,0
554,3584372.0,724775.0,16871319.0,3584266.0,1.0,8514368.0,8529465.0,9717430.0,23550.36,0
574,552400.0,11099.0,107740.0,552400.0,1.0,967665.0,512875.0,58091.0,0.0,0
575,1529169.0,122.0,181595.0,1529169.0,1.07,1911007.0,116810.0,56213.0,11543.59,0
588,236030964.0,2473405.0,36356278.0,235906998.0,1.0,95608404.0,80266094.0,856853.0,0.0,0
600,3175667.0,545726.0,14309879.0,3175667.0,0.98,20836399.0,16986565.0,2553858.0,0.0,0
604,434275.0,24035.0,1522498.0,434275.0,1.0,1035383.0,1213649.0,49384.0,4270.16,0
609,1153429.0,87801.0,3216267.0,1153429.0,0.99,2573034.0,2643884.0,367577.0,0.0,0
646,5532074.0,50754.0,5693081.0,5532074.0,1.0,5869296.0,4010963.0,189901.0,2866.6,0
65,8567479.0,107439.0,20193991.0,8567479.0,1.0,16172980.0,15288891.0,1548817.0,0.0,0
665,321066.0,259550.0,3758628.0,320436.0,0.97,1807045.0,599028.0,1659943.0,0.0,0
67,4211984.0,210.0,8672717.0,4211225.0,0.94,5883369.0,4969110.0,3990395.0,27022.0,0
685,733282.0,0.0,241100.0,733282.0,0.9,818771.0,440349.0,0.0,0.0,0
695,476998.0,29199.0,454942.0,476998.0,1.0,647829.0,440564.0,450169.0,1092.43,0
702,2279852.0,30070.0,7286995.0,2279852.0,0.98,3462269.0,2208536.0,219580.0,0.0,0
735,6085362.0,18328.0,12374749.0,6085362.0,1.08,8835293.0,6728480.0,1909476.0,0.0,0
760,3094127.0,179375.0,3559641.0,3094127.0,0.99,3294382.0,2542883.0,68053.0,0.0,0
77,1132289.0,38024.0,7607230.0,1166374.0,0.93,6788281.0,5862650.0,2460232.0,10394.09,0
817,207613.0,86073.0,1895076.0,207613.0,1.0,685934.0,435081.0,249158.0,7862.0,0
841,184057.0,1441.0,502706.0,184057.0,0.93,347680.0,243630.0,67445.0,0.0,0
842,888040.0,14653.0,1427178.0,888040.0,0.98,1049446.0,747525.0,374333.0,1580.08,0
843,4104788.0,121188.0,17287597.0,4104788.0,1.0,13536233.0,16053728.0,1946646.0,0.0,0
85,334072.0,3.0,776270.0,334072.0,0.98,380190.0,312278.0,62569.0,0.0,0
857,3110210.0,8204.0,1515747.0,3110210.0,0.99,3345513.0,2772307.0,9.0,0.0,0
874,216095.0,8392.0,816453.0,216095.0,0.99,339964.0,173474.0,183475.0,0.0,0
875,1082073.0,2016.0,994235.0,1082073.0,1.0,1174543.0,889388.0,85615.0,0.0,0
902,5047842.0,38801.0,7273842.0,5047842.0,1.09,6950255.0,5465122.0,1076234.0,9854.48,0
918,19358539.0,3291943.0,92338902.0,19358539.0,1.0,35070447.0,34540291.0,7429705.0,0.0,0
933,1015542.0,3295.0,339502.0,1015542.0,1.0,1092457.0,642581.0,83522.0,0.0,0
937,1558043.0,94081.0,955657.0,1618123.0,0.99,2473629.0,1784315.0,221798.0,0.0,0
969,1600898.0,1593.0,186490.0,1600898.0,0.98,2311579.0,343565.0,0.0,0.0,0
101,7522561.0,235629.0,10255257.0,7533167.0,1.05,53113334.0,45558886.0,1729483.0,0.0,0
1016,275500.0,3066.0,228600.0,275500.0,1.0,378427.0,96251.0,219923.0,1810.54,0
1027,686777.0,63651.0,732698.0,850964.0,1.03,901720.0,673207.0,171289.0,0.0,0
1046,213964.0,10.0,257398.0,213964.0,1.0,221847.0,169013.0,161018.0,0.0,0
1049,1751587.0,225140.0,4835399.0,1748805.0,1.0,2772083.0,2543907.0,211625.0,0.0,0
1052,668586.0,36480.0,440720.0,668586.0,0.95,990183.0,854343.0,145793.0,0.0,0
106,570815.0,168344.0,462835.0,570815.0,0.98,1184732.0,1136737.0,16271.0,2692.0,0
1071,672649.0,16063.0,412040.0,672649.0,1.0,1247317.0,1121128.0,461276.0,782.03,0
1114,202521.0,49695.0,491509.0,202521.0,1.18,459093.0,309697.0,41952.0,594.32,0
1136,631403.0,214.0,896246.0,631403.0,0.99,671509.0,792570.0,232094.0,818.16,0
1143,933446.0,36198.0,2101004.0,933446.0,0.94,3734956.0,2354596.0,117535.0,0.0,0
1144,1568739.0,6137.0,2595424.0,1568739.0,1.0,2166649.0,1600967.0,46767.0,1446.56,0
1151,418636.0,18600.0,918451.0,418636.0,1.01,528296.0,502963.0,134948.0,0.0,0
1158,2611001.0,26142.0,2867533.0,2759315.0,1.0,4558925.0,4060454.0,621502.0,0.0,0
1189,1403100.0,12588.0,22862442.0,1403100.0,1.0,3070178.0,3174456.0,936668.0,10124.87,0
121,51094119.0,281443.0,11588610.0,61900912.0,0.94,24679519.0,17109211.0,4302684.0,53279.0,0
1281,461819.0,23407.0,1384349.0,461819.0,1.0,485841.0,290214.0,168499.0,0.0,0
1288,1789171.0,11699.0,3474966.0,2548936.0,1.0,2790425.0,3297661.0,546749.0,2735.51,0
1293,5786323.0,47593.0,1561891.0,5786323.0,1.15,5489199.0,5627353.0,66444.0,0.0,0
1309,64696.0,841.0,117844.0,64696.0,1.0,65322.0,81529.0,111222.0,0.0,0
1312,1206100.0,9347.0,1397232.0,1206100.0,0.98,1301036.0,863770.0,192771.0,0.0,0
1317,4701550.0,199487.0,2914746.0,4701550.0,1.01,5933917.0,4643651.0,783767.0,0.0,0
1319,3999416.0,106059.0,15531931.0,3999416.0,1.01,6307691.0,2863099.0,4589617.0,13.9,0
1370,2135550.0,10275.0,646591.0,2135422.0,0.94,2798538.0,1764655.0,22300.0,3111.01,0
1376,1380058.0,8654.0,2896581.0,3356778.0,1.04,5254983.0,3325786.0,76357.0,0.0,0
1399,1440209.0,62045.0,1156238.0,1440209.0,1.0,1786370.0,1393797.0,50705.0,0.0,0
1405,92981.0,334.0,863764.0,92981.0,0.94,241127.0,430559.0,467007.0,863.87,0
1455,1413986.0,9703.0,4028067.0,1413986.0,1.0,1697354.0,1258992.0,593874.0,5359.0,0
1470,81664255.0,1654612.0,78817827.0,81653887.0,1.0,77331475.0,112277842.0,27125823.0,0.0,0
1478,55051.0,0.0,87780.0,55051.0,1.0,57920.0,5247.0,176236.0,0.0,0
1481,2700985442.0,276609295.0,3567685591.0,2708446413.0,1.0,5129382044.0,10635376115.0,2788188437.0,15702599.0,0
1557,6963121.0,333717.0,89905511.0,6963121.0,1.16,12332719.0,22308931.0,8009688.0,15756.86,0
1573,2677436.0,58911.0,11503526.0,2677436.0,1.0,6713766.0,6604649.0,1237691.0,0.0,0
1637,13899210.0,407574.0,17881744.0,26708337.0,1.0,44894841.0,25583658.0,3627135.0,43173.0,0
1659,1481632.0,19732.0,5278112.0,1481632.0,1.0,1977890.0,1989464.0,320068.0,0.0,0
1673,134959.0,25933.0,743883.0,134959.0,0.89,321889.0,327729.0,160426.0,0.0,0
170,9070105.0,50159.0,98787424.0,9070105.0,0.93,13761732.0,11559750.0,504837.0,34140.0,0
1732,890693.0,1851.0,691079.0,890693.0,1.0,1989319.0,519770.0,25900.0,9048.64,0
1747,742816.0,11211.0,820015.0,742816.0,0.98,922843.0,850195.0,4817.0,0.0,0
1752,2551011.0,53766.0,9224808.0,2551011.0,0.98,3134305.0,3135094.0,768772.0,0.0,0
1765,105338.0,25379.0,722178.0,105338.0,0.99,235659.0,249303.0,53104.0,0.0,0
1781,1001840.0,2848.0,884046.0,1001840.0,0.98,1112531.0,616086.0,495272.0,1012.0,0
1788,464272.0,18198.0,766847.0,464272.0,0.94,626899.0,319415.0,173104.0,1564.16,0
1809,1556815.0,6762.0,574550.0,1556815.0,1.0,1612246.0,1066065.0,352067.0,0.0,0
1810,17109156.0,264279.0,68722380.0,17086267.0,1.15,21427513.0,38647954.0,4084777.0,0.0,0
1829,931620.0,16423.0,11667136.0,1920529.0,0.81,9070070.0,6770931.0,514062.0,14867.16,0
1885,16557174.0,113103.0,31720048.0,16557174.0,0.97,19143189.0,14875351.0,8801263.0,50327.84,0
1896,1314966.0,6700.0,1947833.0,1314966.0,1.03,1406097.0,907429.0,445418.0,0.0,0
1920,10983094.0,906936.0,9157829.0,12869317.0,1.04,16081417.0,14037036.0,2693145.0,30700.44,0
1926,182556.0,18931.0,606018.0,182556.0,0.98,288497.0,129813.0,147007.0,0.0,0
1948,2897860.0,15831.0,200173.0,2897860.0,1.04,2579133.0,1956513.0,46116.0,0.0,0
1949,646101.0,251.0,230795.0,646101.0,1.06,649177.0,366113.0,81895.0,0.0,0
1966,3790400.0,43266.0,16110607.0,3790400.0,0.99,7190194.0,4183193.0,1605849.0,0.0,0
1973,1445388.0,116071.0,513986.0,1445388.0,1.0,1463946.0,701536.0,30262.0,0.0,0
2,440035.0,200.0,340230.0,440035.0,1.0,752610.0,593635.0,781173.0,1099.03,0
2015,1752038.0,83630.0,4255459.0,1752038.0,1.0,2419663.0,2224449.0,346328.0,0.0,0
2027,250130.0,8501.0,393266.0,247148.0,1.0,321254.0,395220.0,0.0,0.0,0
2034,893464.0,27884.0,213428.0,893464.0,1.11,1224700.0,673815.0,120027.0,619.44,0
2048,9340166.0,993589.0,27260838.0,9333259.0,0.99,17208456.0,17851069.0,2123060.0,0.0,0
2053,43381.0,101155.0,240537.0,43381.0,1.0,141067.0,122154.0,1227.0,0.0,0
2063,689407.0,70166.0,4331374.0,689407.0,0.97,1994810.0,2241992.0,437553.0,0.0,0
2065,1206229.0,28440.0,1109800.0,1206229.0,1.0,1419213.0,942712.0,328927.0,0.0,0
2070,583604.0,15888.0,959713.0,583604.0,0.86,711083.0,776209.0,3069.0,31583.13,0
21,440759.0,9183.0,877176.0,440759.0,0.92,539608.0,726207.0,270465.0,2082.85,0
2103,466115.0,181207.0,1813085.0,466115.0,0.95,1930455.0,1673523.0,1031333.0,3177.05,0
2119,758672.0,51300.0,4735109.0,758672.0,1.08,6666407.0,3867819.0,564568.0,0.0,0
212,5562888.0,462188.0,6693678.0,6196162.0,0.99,7445281.0,4981975.0,364979.0,0.0,0
2156,2938469.0,20809.0,2607962.0,3201921.0,0.91,4924952.0,4910464.0,1909199.0,4493.24,0
2170,1382865.0,13759.0,2680196.0,1382865.0,1.0,6153454.0,2462317.0,433832.0,0.0,0
2208,953969.0,113008.0,5986628.0,953969.0,0.97,4980101.0,3437642.0,983104.0,0.0,0
2216,3086808.0,1848717.0,43199566.0,3086632.0,0.98,13791653.0,19793298.0,3527285.0,39103.92,0
2225,20213912.0,386308.0,73436711.0,20213912.0,1.01,22672667.0,26890542.0,13589601.0,0.0,0
2241,23569201.0,1491497.0,16843294.0,22535473.0,0.99,32655282.0,35724968.0,0.0,0.0,0
2245,150444.0,22180.0,562765.0,150444.0,0.97,281952.0,295021.0,2453.0,0.0,0
2249,1052547.0,301883.0,1027369.0,1052547.0,0.94,2753658.0,1866348.0,760497.0,8179.35,0
2252,761862.0,548.0,939364.0,761862.0,0.92,1172593.0,310862.0,1157271.0,0.0,0
2254,282056.0,765.0,238643.0,282056.0,1.16,296135.0,330880.0,647806.0,0.0,0
2275,54281505.0,2321244.0,243967498.0,53988066.0,1.0,134105404.0,194075918.0,35980503.0,19111.14,0
2304,40058816.0,28655.0,63951694.0,40058816.0,1.0,9798494.0,14396516.0,2163405.0,98288.13,0
2307,12763622.0,560673.0,49217525.0,24881090.0,1.0,34020813.0,30088587.0,6449908.0,24833.72,0
2309,10306831.0,774708.0,10553292.0,13457695.0,1.0,39813264.0,36563564.0,0.0,22048.96,0
2347,481224.0,96046.0,1280007.0,481224.0,1.13,2152241.0,2112456.0,1487077.0,8150.79,0
236,105575.0,6007.0,274886.0,105575.0,1.0,209416.0,295518.0,478687.0,2558.48,0
2368,808379.0,167165.0,1969425.0,808379.0,0.95,3372808.0,2387564.0,62042.0,0.0,0
2374,464420.0,71561.0,398221.0,464420.0,1.0,1394081.0,1015079.0,0.0,2456.0,0
2390,5889912.0,172394.0,2250829.0,5889912.0,1.0,7145499.0,6728205.0,341097.0,0.0,0
2407,181274.0,639.0,282145.0,181274.0,0.99,185321.0,56613.0,0.0,0.0,0
2433,115196.0,54805.0,600005.0,115196.0,1.06,428528.0,413700.0,507831.0,2568.61,0
2438,789760.0,1325.0,678877.0,789760.0,0.99,1370057.0,1017452.0,298568.0,0.0,0
2440,16909025.0,2118837.0,51560260.0,36396338.0,1.0,35407682.0,38303928.0,3695987.0,35312.65,0
2443,23639897.0,441701.0,25167022.0,23637946.0,1.02,21919641.0,28480586.0,20466244.0,42657.04,0
2484,122850.0,149130.0,409423.0,122850.0,0.99,959365.0,873346.0,8013.0,132.92,0
249,5124551.0,19869.0,12754190.0,5124551.0,1.0,7913244.0,8124313.0,1810625.0,19592.13,0
2490,14399779.0,293427.0,21099096.0,15309111.0,0.99,11620518.0,15746827.0,320291.0,1989.69,0
2494,860427.0,4272050.0,1140810.0,4335861.0,0.88,30535839.0,15961814.0,0.0,0.0,0
2499,309392.0,23057.0,962250.0,309392.0,1.01,490831.0,498947.0,175283.0,0.0,0
2506,4567686.0,663178.0,2256651.0,5272948.0,1.01,11734719.0,8648785.0,126891.0,8558.99,0
2507,1345340.0,155129.0,2686880.0,1345340.0,1.03,8933045.0,7545465.0,922520.0,27802.39,0
2518,12582067.0,1056727.0,70080003.0,12582067.0,0.99,29800137.0,28985469.0,7382211.0,93857.0,0
2524,836937.0,52757.0,828512.0,836937.0,1.0,1242079.0,730040.0,212104.0,2548.48,0
2534,2756194.0,43736.0,12927086.0,2756194.0,1.03,3401104.0,2616946.0,28477.0,7004.69,0
254,1364815.0,330021.0,13908237.0,1364815.0,1.01,6256366.0,7862947.0,1568282.0,0.0,0
2551,15770454.0,120034.0,10504854.0,15770454.0,1.0,27652554.0,16443853.0,406684.0,15702.0,0
2559,1015356.0,312207.0,4224152.0,1015356.0,0.96,2804225.0,2598852.0,2397480.0,0.0,0
256,3467624.0,2395.0,1020604.0,3467624.0,0.99,6588253.0,3779404.0,17401.0,0.0,0
2564,410204.0,2163.0,1945381.0,410204.0,1.03,618269.0,1049426.0,183343.0,1823.86,0
2574,280754.0,3506.0,851860.0,694143.0,1.02,1196009.0,912444.0,12053.0,0.0,0
2576,1893429.0,11121.0,4429152.0,1893429.0,1.0,763634.0,1910711.0,1329823.0,0.0,0
2584,5227531.0,341338.0,19189492.0,5227531.0,0.99,10725018.0,12885840.0,622945.0,0.0,0
2593,1073667.0,1381.0,2794752.0,1073667.0,0.81,2263429.0,1743859.0,50223.0,13435.66,0
2602,6177560.0,67405.0,16377920.0,6177560.0,0.86,8506786.0,14882598.0,2235997.0,0.0,0
2607,205965.0,0.0,400242.0,205965.0,1.0,2656802.0,1655795.0,582938.0,777.84,0
2609,1130593.0,4633.0,1212703.0,1130593.0,0.98,1301132.0,806952.0,235378.0,0.0,0
2611,19141547.0,6117.0,20045298.0,19141547.0,0.98,29447039.0,33355315.0,1738091.0,17370.9,0
2618,11187251.0,950674.0,39184497.0,11187251.0,1.0,36372424.0,32451215.0,3815701.0,0.0,0
2629,112043.0,9014516.0,1052889.0,112043.0,1.54,31737556.0,15355640.0,12.0,0.0,0
2638,7177356.0,825.0,3203685.0,7177356.0,1.01,1129264.0,504877.0,366387.0,1639.51,0
2645,3173278.0,35532.0,2779556.0,3173278.0,0.98,3553188.0,2937653.0,230459.0,3211.54,0
2646,456818.0,41202.0,2524941.0,524322.0,0.78,770483.0,412146.0,302777.0,0.0,0
2650,1124806.0,9499.0,617279.0,1124697.0,0.75,1526479.0,1143809.0,88504.0,0.0,0
2659,928773.0,10079.0,2449213.0,928773.0,1.0,1239171.0,1375576.0,163768.0,0.0,0
2664,614555.0,11781.0,3397590.0,614555.0,1.06,1898570.0,2052076.0,1209439.0,3549.49,0
2682,2281426.0,19425.0,1977942.0,2281426.0,0.98,3103794.0,1784732.0,84946.0,0.0,0
2684,4040084.0,288628.0,2988280.0,4314821.0,0.94,3263431.0,2891524.0,1993926.0,0.0,0
2707,7304205.0,483984.0,49761831.0,9169801.0,1.0,24372944.0,18936921.0,4402142.0,0.0,0
272,208178.0,286.0,1145672.0,208178.0,1.0,447225.0,396969.0,60030.0,0.0,0
2721,3989968.0,65781.0,1750195.0,4501820.0,0.99,5456377.0,3023994.0,228300.0,7701.53,0
2722,138752.0,1275.0,658262.0,138752.0,0.9,175243.0,166961.0,196584.0,0.0,0
2726,1556615.0,6350.0,2583010.0,1556615.0,0.91,0.0,0.0,0.0,0.0,0
2733,9069060.0,274814.0,40053255.0,9069060.0,0.97,14321882.0,24704547.0,944316.0,17109.0,0
2749,600427.0,3606.0,343897.0,600427.0,0.0,0.0,0.0,0.0,22452.0,0
2755,2531158.0,208791.0,4201901.0,3418835.0,0.98,8693598.0,5066845.0,4656544.0,24248.16,0
2756,132380.0,38668.0,1086759.0,132380.0,1.0,368852.0,427771.0,17841.0,0.0,0
2764,1203859.0,448936.0,4015385.0,1203859.0,0.99,5561718.0,5744596.0,4819598.0,0.0,0
2776,680141.0,1126333.0,2940641.0,680141.0,0.94,8172010.0,6359104.0,150549.0,0.0,0
2789,660131.0,316811.0,29274203.0,660131.0,0.96,3207066.0,2333912.0,12842.0,0.0,0
2796,416147.0,0.0,75119.0,416147.0,0.99,473903.0,87559.0,51051.0,0.0,0
2799,2512457.0,16183.0,1306442.0,2510239.0,1.0,8078323.0,5263090.0,52766.0,0.0,0
2802,960061.0,113318.0,663227.0,960061.0,0.97,1450875.0,915944.0,42769.0,0.0,0
2807,784498.0,10846.0,4366372.0,784498.0,0.97,1552582.0,1408099.0,963263.0,0.0,0
2830,328876.0,3.0,591767.0,328876.0,0.94,416864.0,313498.0,0.0,0.0,0
2838,820886.0,15654.0,1830702.0,820886.0,0.94,1236279.0,698067.0,290030.0,0.0,0
2846,1520823.0,9994.0,220656.0,1520823.0,0.95,1856221.0,940271.0,686724.0,0.0,0
2853,381266.0,40004.0,572123.0,381266.0,1.0,298671.0,427923.0,60611.0,0.0,0
2860,4434803.0,3984.0,1849781.0,4434803.0,1.02,4948299.0,3118605.0,397989.0,2188.97,0
2867,3642045.0,150794.0,8669392.0,4046383.0,1.0,6932769.0,3731093.0,3402256.0,0.0,0
2868,98832.0,81.0,1159968.0,98832.0,1.0,146867.0,172195.0,463812.0,0.0,0
2876,501960.0,8523.0,217235.0,501960.0,0.93,722724.0,192088.0,65485.0,1111.18,0
2877,423766.0,0.0,233130.0,423766.0,0.94,659482.0,248464.0,59490.0,678.92,0
2880,10831559.0,5630.0,4728842.0,11963906.0,1.0,12493846.0,7141988.0,4998851.0,18084.44,0
2881,164002.0,2250.0,694653.0,164002.0,0.76,810417.0,648849.0,1178803.0,0.0,0
2883,964994.0,9132.0,1589862.0,964994.0,1.0,1427886.0,576311.0,472759.0,0.0,0
2897,401282.0,4207.0,1478502.0,401282.0,0.89,547737.0,612265.0,0.0,1003.52,0
2900,2071591.0,7135.0,3216214.0,2071591.0,1.0,2153656.0,1280326.0,1342124.0,0.0,0
2905,386737.0,273524.0,2100327.0,386737.0,0.96,2720808.0,1676066.0,290393.0,0.0,0
2914,15311357.0,13135.0,6737421.0,17276197.0,0.97,30037940.0,33285452.0,1469836.0,0.0,0
2929,42519189.0,62941.0,27830232.0,42519189.0,0.97,20839836.0,18895409.0,18985928.0,21635.81,0
2932,674831.0,4270.0,1062140.0,674831.0,0.9,972945.0,897057.0,388658.0,4740.99,0
2960,1519445.0,29572.0,1490428.0,1682268.0,0.96,2129815.0,1064772.0,783438.0,0.0,0
2989,1809138.0,3963943.0,61807191.0,1809138.0,1.06,34182721.0,22712569.0,10158693.0,0.0,0
2990,391808.0,1024.0,639722.0,391808.0,0.99,448603.0,115731.0,21975.0,0.0,0
2995,1352482.0,37217.0,2731748.0,1352482.0,1.0,1628553.0,1217478.0,926546.0,0.0,0
2996,41057.0,36002.0,423665.0,41057.0,1.0,290525.0,275301.0,3350.0,0.0,0
2998,15372464.0,729857.0,49464880.0,15363386.0,1.0,32095464.0,25974235.0,16289327.0,28439.87,0
3001,4119269.0,2380801.0,15320187.0,4116174.0,1.0,7578375.0,12448773.0,1604935.0,24222.8,0
3013,1042974.0,286430.0,2660716.0,1042974.0,1.0,6932708.0,3857420.0,1041370.0,17309.05,0
3016,8845104.0,13068502.0,23210460.0,8845104.0,1.02,35192776.0,37113820.0,0.0,0.0,0
3017,757830.0,463.0,440643.0,757830.0,1.01,820647.0,728564.0,169811.0,3764.44,0
3027,329486.0,35048.0,217759.0,329486.0,1.0,1218271.0,316275.0,0.0,0.0,0
3037,30393.0,689.0,238839.0,30393.0,1.01,37714.0,12577.0,537.0,0.0,0
3061,2153824.0,103981.0,3441518.0,4677283.0,1.17,10264739.0,5988882.0,7518666.0,43298.27,0
3077,1790317.0,21697.0,4769372.0,1790317.0,0.97,5170830.0,2487462.0,3555502.0,13459.69,0
3095,547362.0,52.0,71982.0,547362.0,1.0,586390.0,275685.0,32221.0,693.33,0
3116,395711.0,0.0,238670.0,395711.0,1.0,611966.0,377007.0,76715.0,0.0,0
3122,163426.0,6.0,561334.0,163426.0,0.93,520572.0,341548.0,60089.0,871.0,0
3124,7551095.0,145685.0,13462951.0,7551095.0,1.01,9343359.0,9024588.0,5851686.0,22423.06,0
3136,17628.0,7015.0,347661.0,17628.0,0.95,73588.0,56421.0,80517.0,2326.38,0
3138,549652.0,102092.0,7680854.0,549652.0,1.01,892750.0,1049424.0,1230307.0,0.0,0
3161,3421424.0,225541.0,4537034.0,3421424.0,1.0,3307178.0,4071186.0,593321.0,0.0,0
3172,3013577.0,12961.0,942201.0,3013577.0,0.95,3626685.0,2202278.0,323963.0,3065.3,0
3175,1727530.0,1953.0,3043749.0,1727530.0,0.83,2689517.0,2825198.0,314711.0,3787.34,0
3176,727353.0,672868.0,27772977.0,727353.0,1.0,5296415.0,7568782.0,10041335.0,640046.16,0
3185,595869.0,233114.0,9346023.0,595869.0,0.92,2629001.0,3212185.0,3054456.0,0.0,0
3194,287895.0,50412.0,3054743.0,287895.0,1.0,4007915.0,2358533.0,172639.0,9743.0,0
3202,495284.0,25776.0,2048329.0,495284.0,0.83,817523.0,486986.0,1321916.0,5482.53,0
3207,466702.0,21996.0,538655.0,466702.0,1.01,370171.0,328855.0,125614.0,29356.96,0
3209,1301396.0,14655.0,233679.0,1301396.0,1.0,1326246.0,1018718.0,6905.0,0.0,0
3224,9836268.0,36.0,134732.0,9836268.0,1.0,13748184.0,15212781.0,0.0,0.0,0
3231,500468.0,40874.0,317767.0,500468.0,0.95,812947.0,528099.0,175891.0,824.5,0
3242,38624.0,227672.0,15426.0,38624.0,0.99,0.0,0.0,0.0,0.0,0
3245,535784.0,17324.0,3786936.0,533645.0,1.0,1035211.0,1576670.0,74982.0,0.0,0
3247,4592583.0,49841.0,618090.0,4592583.0,1.0,4787969.0,1444462.0,84318.0,10568.23,0
3252,1779485.0,56666.0,36301237.0,1779485.0,1.0,2910723.0,3780718.0,6963058.0,1052.55,0
3257,664737.0,154949.0,939707.0,664737.0,0.93,1943429.0,1396546.0,314761.0,0.0,0
3265,421875.0,52246.0,2696615.0,421875.0,1.0,871736.0,1134215.0,1114997.0,1877.68,0
3266,1427965.0,72714.0,12411453.0,1953467.0,0.96,2794815.0,3314098.0,9805676.0,0.0,0
3269,2210205.0,28238.0,8572018.0,2210205.0,1.0,5105906.0,5028315.0,969184.0,0.0,0
3271,770630.0,104728.0,790084.0,770630.0,1.0,1082457.0,840362.0,28739.0,0.0,0
3290,45791190.0,5000221.0,12684227.0,45791190.0,1.02,72091743.0,71334456.0,2414313.0,19365.72,0
3293,6628617.0,5663.0,994073.0,6628617.0,1.0,8457691.0,3351256.0,311366.0,0.0,0
3296,1119662.0,18744.0,1552210.0,1119662.0,0.81,1644245.0,991450.0,106105.0,705.94,0
3300,4404863.0,40223.0,7411500.0,4404863.0,0.98,10448746.0,4012720.0,489936.0,10162.69,0
3303,2199105.0,503262.0,2456881.0,2199105.0,1.0,4428850.0,3798422.0,102471.0,2746.16,0
3312,217303.0,12823.0,474578.0,217303.0,1.03,1813599.0,883419.0,6376.0,0.0,0
3314,399118.0,167128.0,130411.0,399118.0,1.0,0.0,0.0,0.0,0.0,0
3330,746614.0,6171.0,6687506.0,746614.0,0.98,3366425.0,4130549.0,3587462.0,0.0,0
3333,16584086.0,9564149.0,5339127.0,16584086.0,1.0,36815429.0,37627807.0,2529153.0,41016.65,0
3337,9719556.0,15132903.0,12054383.0,9719556.0,1.0,39535736.0,43922326.0,3507240.0,0.0,0
3342,138976.0,782.0,18125.0,138976.0,0.99,0.0,0.0,0.0,0.0,0
3344,955710.0,89037.0,3196065.0,955710.0,1.25,8826988.0,4816499.0,1293791.0,0.0,0
3351,93098.0,80114.0,1233641.0,423727.0,1.0,1922161.0,1628335.0,39396.0,3244.97,0
3365,6714704.0,1099234.0,5960896.0,6714704.0,1.0,19525866.0,7248306.0,4532137.0,0.0,0
3379,226643.0,40025.0,312069.0,226643.0,1.0,480579.0,390712.0,0.0,0.0,0
3388,34560757.0,163048.0,20802022.0,34560757.0,1.0,65819795.0,77388634.0,10473543.0,0.0,0
3390,1593848.0,4374905.0,1245871.0,1593848.0,1.0,9163279.0,4356384.0,2857850.0,0.0,0
3395,1544239.0,87648.0,5140740.0,1544239.0,1.0,2978738.0,686232.0,883608.0,10033.49,0
3396,22539284.0,658011.0,20571899.0,22539284.0,1.0,43393136.0,38716031.0,5462035.0,59896.08,0
3397,619507.0,141391.0,552443.0,619507.0,1.19,1491883.0,524649.0,110608.0,6226.67,0
3403,2980237.0,4878.0,7188008.0,2980237.0,0.98,4000405.0,2989394.0,501626.0,0.0,0
3407,19122782.0,4923296.0,1759092.0,19122782.0,1.08,31276855.0,23108619.0,460174.0,0.0,0
3413,878277.0,2.0,876679.0,878277.0,1.0,939077.0,187672.0,381726.0,0.0,0
3415,678999.0,14218.0,288120.0,678999.0,1.0,862632.0,563265.0,17375.0,0.0,0
3416,1067063.0,40174.0,1274697.0,1067063.0,0.97,1178504.0,291933.0,161975.0,0.0,0
3417,1484278.0,29032.0,1335025.0,1484278.0,0.95,2495385.0,2175296.0,146625.0,0.0,0
3421,4992352.0,63762.0,16132560.0,4992352.0,0.98,9878991.0,5802402.0,6275917.0,0.0,0
3427,93199.0,575.0,29178.0,93199.0,1.14,0.0,0.0,0.0,0.0,0
3436,254170.0,34076.0,1850661.0,254170.0,1.0,1198716.0,1013434.0,1176749.0,8457.14,0
3437,28777.0,23401.0,8607187.0,28777.0,1.0,1609321.0,1576367.0,3086885.0,0.0,0
3446,1031544.0,518.0,1634538.0,2142891.0,1.0,2184030.0,966397.0,0.0,4264.21,0
3450,1724853.0,125395.0,1377222.0,2712410.0,1.0,10503592.0,12230824.0,182303.0,9037.44,0
3452,71895.0,9783.0,235586.0,71895.0,0.97,136038.0,51055.0,41256.0,1457.38,0
3454,9438844.0,265274.0,1479163.0,9438844.0,0.99,0.0,0.0,0.0,3.01,0
3456,2770626.0,30143.0,373955.0,2770626.0,0.95,3021808.0,189608.0,28.0,0.0,0
3460,85288.0,282452.0,389411.0,85288.0,0.99,1080375.0,1189143.0,938534.0,0.0,0
3463,192199.0,798080.0,386907.0,192199.0,1.0,4048315.0,103187.0,0.0,0.0,0
3465,26799901.0,9742535.0,1300557.0,26799901.0,1.0,39469220.0,40359570.0,0.0,0.0,0
3467,813266.0,46185.0,2006485.0,813266.0,0.93,2076137.0,1620767.0,1472.0,4619.15,0
3468,2697538.0,70062.0,179151.0,2697538.0,1.0,3050749.0,1818853.0,7857.0,0.0,0
3470,6810493.0,6261.0,70673417.0,6810493.0,1.0,11611270.0,5318220.0,64656.0,0.0,0
3473,77815.0,953349.0,20798255.0,77815.0,0.99,5327015.0,3723875.0,236465.0,0.0,0
3475,15134802.0,1337203.0,32900135.0,15134802.0,1.0,28360310.0,31915501.0,494712.0,0.0,0
3479,6522789.0,1628293.0,4699029.0,6522789.0,0.97,14110329.0,13279813.0,258860.0,0.0,0
3481,618102.0,106.0,1542629.0,618102.0,0.83,1048345.0,21371.0,326318.0,0.0,0
3482,3041738.0,1682657.0,38258110.0,3041738.0,0.99,10573499.0,16807431.0,168646.0,0.0,0
3486,1064026.0,29873.0,343157.0,1064026.0,1.0,0.0,0.0,11051.0,0.0,0
3490,12669072.0,34923.0,573069.0,12669072.0,0.93,33088205.0,15299298.0,0.0,0.0,0
3494,15606570.0,10666206.0,11000019.0,15606570.0,1.0,49408670.0,54551038.0,0.0,0.0,0
3499,630657.0,381303.0,2357144.0,630657.0,1.0,4553066.0,4649334.0,0.0,350.83,0
3500,2397209.0,1295581.0,35112197.0,2397209.0,0.98,4904077.0,3398760.0,7919.0,0.0,0
3510,12496836.0,51006.0,1666728.0,12394066.0,0.97,0.0,0.0,0.0,0.0,0
3511,645664.0,25189.0,96893.0,542698.0,0.93,0.0,0.0,0.0,0.0,0
3512,681235.0,28518.0,84581.0,681235.0,1.0,0.0,0.0,315.0,779.04,0
3515,1595357.0,1852511.0,11063881.0,1595357.0,1.0,13487941.0,13569001.0,143927.0,10845.5,0
3516,264876.0,782.0,1951856.0,264876.0,0.98,326689.0,19249.0,381.0,0.0,0
3519,68903.0,16691.0,3840141.0,68903.0,0.99,435160.0,380608.0,372462.0,0.0,0
3524,2277809.0,500.0,2985.0,2277809.0,1.0,0.0,0.0,0.0,0.0,0
3525,13431499.0,1607125.0,599828.0,13431499.0,1.0,19938905.0,19407415.0,116916.0,0.0,0
3527,5370784.0,1746.0,994123.0,5370784.0,0.99,5443992.0,3949302.0,16408.0,861.04,0
3528,801662.0,7131.0,1621506.0,801662.0,0.92,1003860.0,1231955.0,44179.0,881.1,0
3529,5935311.0,270759.0,5636900.0,5935311.0,1.0,7811607.0,1636392.0,0.0,0.0,0
3533,58540.0,461.0,222465.0,58540.0,0.46,0.0,0.0,0.0,467.19,0
3536,1104631.0,630.0,213796.0,1104631.0,0.86,0.0,0.0,0.0,0.0,0
356,659613.0,19370.0,688447.0,659613.0,1.0,1086918.0,894198.0,224735.0,0.0,0
384,506175.0,3383.0,183645.0,506175.0,1.0,0.0,0.0,0.0,0.0,0
415,35386924.0,1644066.0,50049066.0,35386924.0,1.0,62387767.0,65643675.0,1011927.0,0.0,0
435,556031.0,23989.0,1143419.0,601673.0,1.22,4387423.0,3222567.0,11415.0,3362.0,0
438,817981.0,302.0,2689170.0,817981.0,1.11,940890.0,731137.0,537470.0,0.0,0
478,2394527.0,105371.0,2267877.0,2394527.0,0.99,4380305.0,1418112.0,77502.0,0.0,0
480,4513846.0,729848.0,10538956.0,4513846.0,1.0,8955770.0,5892050.0,1326524.0,0.0,0
481,639996.0,164390.0,3453566.0,639996.0,1.0,2434453.0,2231717.0,2174906.0,0.0,0
485,7057151.0,763784.0,31346983.0,13202823.0,1.04,17028739.0,16755032.0,789924.0,44496.78,0
492,2180197.0,6998.0,945589.0,2180197.0,1.0,2161297.0,898960.0,647969.0,0.0,0
52,572909.0,7923.0,10094618.0,572909.0,0.97,1828395.0,2489520.0,463918.0,0.0,0
520,472548.0,180204.0,8582932.0,483705.0,1.0,3282105.0,977818.0,892301.0,15617.35,0
53,4057893.0,89628.0,9819879.0,4057893.0,1.0,5784696.0,6505259.0,1164156.0,9887.37,0
537,965567.0,3477.0,941975.0,965567.0,1.0,1033412.0,661380.0,67225.0,0.0,0
538,75186.0,2000.0,476834.0,75186.0,1.0,646218.0,252355.0,254504.0,0.0,0
554,3821128.0,430843.0,21247238.0,3817433.0,1.0,9264495.0,8255218.0,9451816.0,29131.05,0
574,593172.0,3137.0,122811.0,593172.0,0.98,681801.0,168238.0,58091.0,0.0,0
575,1388045.0,24256.0,249113.0,1388045.0,1.02,1920160.0,155464.0,93271.0,3929.27,0
588,219648179.0,2400254.0,36468608.0,219566071.0,1.0,168441031.0,151924240.0,941088.0,0.0,0
600,4595469.0,13261.0,14909613.0,4595469.0,0.98,23468703.0,21244630.0,2822056.0,0.0,0
604,649043.0,18174.0,1743155.0,649043.0,1.0,1496179.0,1412266.0,48655.0,7600.31,0
609,729414.0,100229.0,3408713.0,729414.0,1.0,2066291.0,2605282.0,351873.0,0.0,0
646,4983730.0,55562.0,6023549.0,4983730.0,1.0,5232573.0,3743484.0,257816.0,4833.0,0
65,7788638.0,114355.0,20908063.0,7788638.0,0.98,17928401.0,15189306.0,1790443.0,0.0,0
665,375720.0,353674.0,3082340.0,375680.0,0.96,2290260.0,531760.0,1634073.0,0.0,0
67,5115029.0,211.0,8558436.0,5114295.0,0.99,5404766.0,4375642.0,3996494.0,22287.0,0
685,693540.0,0.0,177864.0,693540.0,0.93,742449.0,365039.0,0.0,0.0,0
695,469953.0,49179.0,431521.0,469953.0,1.0,722257.0,558075.0,448787.0,1016.12,0
702,1628734.0,22953.0,8003235.0,1628734.0,0.99,2608817.0,2562963.0,227409.0,0.0,0
708,4971270.0,87874.0,6379737.0,4971270.0,1.0,5738322.0,3502535.0,619918.0,0.0,0
760,2594768.0,181178.0,3643205.0,2594768.0,0.99,2950192.0,2030964.0,52696.0,0.0,0
77,1222080.0,28634.0,7853045.0,1959193.0,1.0,5535294.0,7210015.0,2672679.0,4189.3,0
783,2157500.0,7445.0,2979772.0,2157500.0,0.91,2962909.0,1348225.0,18185.0,3069.6,0
817,191389.0,46009.0,1777146.0,191389.0,1.0,701140.0,273052.0,295091.0,6423.0,0
841,107698.0,3533.0,556937.0,107698.0,0.89,292862.0,180572.0,58886.0,0.0,0
842,757360.0,6006.0,1454877.0,757360.0,0.94,914378.0,678764.0,434769.0,804.02,0
843,9047937.0,147303.0,17279697.0,9047937.0,1.0,12507726.0,15210309.0,2162275.0,0.0,0
85,288868.0,2.0,810490.0,288868.0,0.99,329937.0,218298.0,79655.0,1328.99,0
857,2438629.0,41981.0,1743510.0,2438629.0,0.98,3134725.0,2852747.0,26921.0,616.66,0
874,201361.0,390.0,798649.0,201361.0,0.99,215832.0,162558.0,140201.0,0.0,0
875,913480.0,6375.0,1084706.0,913480.0,1.0,1014657.0,819754.0,103478.0,0.0,0
902,5491026.0,101478.0,7397353.0,5491026.0,1.02,6830765.0,5107326.0,1207617.0,7896.51,0
933,862144.0,4358.0,406998.0,862144.0,1.0,976074.0,567701.0,75780.0,0.0,0
937,1867278.0,38582.0,817903.0,1928300.0,0.99,2449116.0,1872216.0,128688.0,0.0,0
969,1576259.0,1728.0,299949.0,1576259.0,0.98,2517412.0,336150.0,0.0,0.0,0
1016,315866.0,3120.0,224246.0,315866.0,1.0,424494.0,119877.0,174861.0,1798.29,0
1027,269998.0,136975.0,803866.0,436908.0,1.02,873533.0,731562.0,166696.0,0.0,0
1046,238707.0,8003.0,238083.0,238707.0,1.0,289032.0,195135.0,150956.0,0.0,0
1049,2549861.0,211982.0,4627333.0,2544861.0,1.0,3481626.0,3203418.0,184946.0,0.0,0
1052,784258.0,2423.0,549726.0,784258.0,0.97,957262.0,934699.0,158948.0,0.0,0
106,414908.0,177841.0,507275.0,414908.0,0.98,1078278.0,1021973.0,11618.0,3860.0,0
1071,427751.0,40668.0,370464.0,427751.0,1.0,1070130.0,1001832.0,546204.0,0.0,0
1114,402888.0,2633.0,467330.0,402888.0,1.53,422763.0,284103.0,42372.0,0.0,0
1136,552434.0,278.0,1014591.0,552434.0,0.99,608889.0,847033.0,202808.0,837.84,0
1143,1035253.0,228359.0,3908538.0,1035253.0,0.94,6792258.0,5497544.0,53144.0,0.0,0
1144,1611541.0,8426.0,2465219.0,1611541.0,1.0,2272809.0,1592707.0,55331.0,2280.04,0
1151,512070.0,10382.0,885190.0,512070.0,1.02,572062.0,568645.0,136616.0,0.0,0
1158,2343162.0,65689.0,2997078.0,2491803.0,1.0,4521884.0,4375332.0,621965.0,0.0,0
1189,1229259.0,18153.0,21221392.0,1229259.0,1.0,3470018.0,2480489.0,815414.0,24586.63,0
121,47574996.0,136306.0,10988024.0,60575101.0,0.98,24008319.0,14045532.0,3990714.0,0.0,0
1281,649118.0,22873.0,1285439.0,649118.0,0.99,377294.0,355154.0,174394.0,0.0,0
1288,2130627.0,10890.0,3503184.0,2421160.0,1.0,2658136.0,3198298.0,531371.0,2785.33,0
1293,2732356.0,35356.0,2190434.0,4458471.0,1.1,6660282.0,5642278.0,69200.0,3584.64,0
1307,12693951.0,1785053.0,7208838.0,12693951.0,1.0,35015319.0,29082671.0,1814905.0,0.0,0
1309,7021.0,880.0,109953.0,7021.0,1.0,7427.0,51768.0,102497.0,0.0,0
1312,1159168.0,2779.0,1383620.0,1159168.0,0.98,1211406.0,937431.0,197608.0,0.0,0
1317,4728440.0,187621.0,2792031.0,4728440.0,1.01,5868127.0,4465472.0,778237.0,0.0,0
1319,2922734.0,95287.0,15433199.0,2922734.0,1.01,5306769.0,5541362.0,4760724.0,5.08,0
1376,591001.0,5803.0,2853641.0,2702848.0,1.08,4958167.0,3387759.0,57062.0,0.0,0
1399,993384.0,122113.0,1130711.0,993384.0,1.0,1598710.0,1569041.0,52845.0,0.0,0
1405,105955.0,362.0,840044.0,105955.0,0.93,239008.0,416039.0,465187.0,0.0,0
1455,1652032.0,11083.0,3891669.0,1652032.0,1.0,1907276.0,1717695.0,598629.0,2740.0,0
1478,22223.0,0.0,90300.0,22223.0,1.0,22027.0,5526.0,180267.0,0.0,0
1557,4178706.0,192686.0,90408426.0,4178706.0,1.1,5956748.0,12699879.0,7684864.0,4748.34,0
1573,3633165.0,59162.0,12137115.0,3633165.0,1.01,5996561.0,6303993.0,2084447.0,0.0,0
1637,11359701.0,400931.0,14593037.0,26271534.0,1.0,46503326.0,27704403.0,3615218.0,22764.0,0
1659,1178066.0,10880.0,5087455.0,1178066.0,1.0,1613518.0,1598713.0,192434.0,0.0,0
1673,37665.0,27080.0,697874.0,37665.0,0.95,180759.0,299238.0,179471.0,0.0,0
170,10436323.0,575717.0,81644596.0,10436323.0,0.94,16830216.0,9267260.0,365035.0,0.0,0
1732,887527.0,1652.0,667648.0,887527.0,1.0,1883254.0,562835.0,25915.0,8036.32,0
1747,716258.0,31782.0,770997.0,716258.0,0.98,966667.0,919678.0,4817.0,0.0,0
1752,2325200.0,161016.0,8853302.0,2325200.0,0.98,3162130.0,3874270.0,799580.0,0.0,0
1765,88361.0,30671.0,728635.0,88361.0,0.99,238663.0,237491.0,22804.0,0.0,0
1781,1100457.0,3101.0,826336.0,1100457.0,0.98,1160154.0,719727.0,436266.0,0.0,0
1788,357794.0,18537.0,704769.0,357794.0,0.94,520925.0,316497.0,170788.0,1117.44,0
1809,1470757.0,9555.0,607404.0,1470757.0,1.0,1515741.0,1148035.0,360852.0,0.0,0
1810,19718258.0,444066.0,70323212.0,19699346.0,1.07,22123155.0,41900881.0,4474919.0,0.0,0
1829,811381.0,12438.0,10295538.0,1523017.0,0.86,9816215.0,6485738.0,451428.0,14852.07,0
1885,7631221.0,825487.0,35299310.0,7631221.0,0.97,15579528.0,17614952.0,7250688.0,37780.89,0
1896,1001632.0,7065.0,2165521.0,1001632.0,1.0,1197898.0,987614.0,490151.0,0.0,0
1920,10848579.0,1267876.0,7720379.0,11225417.0,1.01,19781647.0,16495169.0,2622945.0,14681.89,0
1926,290375.0,71135.0,620189.0,290375.0,0.99,665870.0,356801.0,103631.0,901.0,0
1948,2699536.0,99264.0,289108.0,2699536.0,1.0,3104774.0,2375272.0,42356.0,0.0,0
1949,560834.0,200.0,259118.0,560834.0,1.04,558985.0,287963.0,71727.0,0.0,0
1966,4160695.0,65261.0,16597411.0,4160695.0,0.98,8034565.0,4691809.0,1572466.0,0.0,0
1973,1530914.0,1.0,917214.0,1530914.0,1.0,1297701.0,608648.0,30503.0,0.0,0
2,542842.0,1016.0,377366.0,542842.0,1.0,581727.0,500900.0,717232.0,1427.93,0
2015,1612449.0,115570.0,4122208.0,1612449.0,1.0,2366139.0,2506467.0,333412.0,0.0,0
2027,267358.0,20853.0,406609.0,260887.0,1.0,384484.0,471527.0,0.0,1308.97,0
2034,1069175.0,67202.0,260880.0,1069175.0,1.23,1517184.0,975963.0,117285.0,0.0,0
2048,6003770.0,1056584.0,31551870.0,5993827.0,1.0,12875667.0,15228186.0,2120871.0,0.0,0
2063,244050.0,69393.0,4507238.0,244050.0,0.97,1331836.0,2245523.0,381032.0,0.0,0
2065,1259047.0,35565.0,1122191.0,1259047.0,1.0,1553845.0,1058897.0,203691.0,0.0,0
2070,679848.0,8468.0,937775.0,679848.0,0.88,804958.0,643477.0,0.0,27753.33,0
21,464013.0,7872.0,918356.0,464013.0,0.93,571600.0,872288.0,297973.0,1624.83,0
2103,200610.0,233479.0,1740508.0,200610.0,0.97,1478295.0,1610003.0,919824.0,1683.77,0
2119,837824.0,102832.0,4011928.0,837824.0,1.05,7048467.0,3636827.0,678657.0,10324.32,0
212,5928710.0,370649.0,6845743.0,6450276.0,0.99,7501276.0,5813329.0,409952.0,0.0,0
2156,2393824.0,58640.0,3147931.0,3270722.0,0.96,4055792.0,4476122.0,1724609.0,3956.27,0
2170,2152524.0,9621.0,3394988.0,2152524.0,1.0,3422414.0,3061680.0,2971424.0,0.0,0
2208,838027.0,79722.0,5994235.0,838027.0,0.98,4902565.0,3024856.0,830263.0,0.0,0
2216,3365770.0,2152635.0,40819970.0,3365571.0,1.0,16103804.0,17844963.0,2624727.0,42471.07,0
2225,16088141.0,373666.0,71925842.0,16088141.0,1.01,17709205.0,26822852.0,12992336.0,0.0,0
2241,13863427.0,3517282.0,15371042.0,12720992.0,0.98,34539747.0,33196863.0,0.0,0.0,0
2245,149227.0,19061.0,558441.0,149227.0,0.97,248539.0,325185.0,2453.0,0.0,0
2249,277608.0,111996.0,956836.0,277608.0,0.87,975317.0,261261.0,764845.0,8795.47,0
2252,928749.0,27677.0,978162.0,928749.0,0.92,1287333.0,301438.0,1325111.0,0.0,0
2254,59512.0,524.0,230231.0,59512.0,1.15,133504.0,169616.0,669677.0,0.0,0
2275,52100895.0,2053874.0,235139400.0,51681180.0,1.0,132449035.0,199979845.0,34463582.0,8965.14,0
2304,35665133.0,34730.0,66215967.0,35665133.0,1.0,5598568.0,7012527.0,2264128.0,89224.11,0
2307,7672302.0,457630.0,51893667.0,21932559.0,1.0,30450685.0,26107891.0,5172938.0,22633.89,0
2309,10478662.0,228226.0,9160542.0,12647044.0,1.0,32205953.0,29246157.0,0.0,41940.89,0
2347,710249.0,97485.0,1388673.0,710249.0,1.19,2369506.0,2266003.0,1487075.0,7296.09,0
236,150846.0,3.0,266020.0,150846.0,1.0,193844.0,227332.0,401490.0,2811.2,0
2368,1034202.0,168427.0,2380163.0,1034202.0,0.95,3029848.0,2859054.0,63807.0,0.0,0
2374,643604.0,23399.0,644035.0,643604.0,1.0,1461587.0,1116228.0,0.0,1721.0,0
2390,5049833.0,262245.0,2098219.0,5049833.0,1.0,6397530.0,5651145.0,333231.0,0.0,0
2407,195837.0,575.0,264842.0,195837.0,0.99,201241.0,60527.0,0.0,0.0,0
2433,29280.0,38770.0,529385.0,29280.0,1.01,239434.0,167722.0,426748.0,1406.4,0
2438,509655.0,899.0,667531.0,509655.0,0.98,1056560.0,1038430.0,668720.0,0.0,0
2440,11848790.0,1980677.0,50637514.0,24266446.0,0.97,35449960.0,36389485.0,3480722.0,895.71,0
2443,15462601.0,569862.0,29347330.0,15460292.0,1.0,28331608.0,29650650.0,19378872.0,32712.81,0
2484,782467.0,208412.0,1160729.0,782467.0,1.21,3280599.0,3145744.0,24288.0,313.13,0
249,3227976.0,31943.0,11473098.0,3227976.0,1.0,7742966.0,6920252.0,1765930.0,0.0,0
2490,11653955.0,729850.0,23046593.0,11594018.0,0.99,8460193.0,14728300.0,199734.0,1832.93,0
2494,1315274.0,1846640.0,968182.0,3493625.0,1.0,16474055.0,1034833.0,0.0,0.0,0
2499,307579.0,3914.0,1122920.0,307579.0,1.0,375864.0,475552.0,163010.0,0.0,0
2506,3881840.0,206771.0,3161001.0,5096693.0,0.99,10033644.0,6955849.0,32910.0,8923.8,0
2507,1067482.0,157007.0,2488664.0,1067482.0,1.02,9203562.0,7526746.0,791617.0,29258.53,0
2524,906863.0,928.0,905098.0,906863.0,1.0,1014079.0,833686.0,202390.0,4834.64,0
2530,1008070.0,14904.0,984012.0,1008070.0,0.86,1203893.0,1235262.0,393741.0,0.0,0
2534,3631765.0,16478.0,12179339.0,3631765.0,1.03,4074372.0,2462777.0,10316.0,7071.77,0
2559,446549.0,514526.0,4308946.0,446549.0,0.96,3537710.0,4385800.0,1764517.0,0.0,0
256,1072885.0,2482.0,1000217.0,1072885.0,1.16,7473697.0,2345040.0,17310.0,0.0,0
2564,435654.0,2768.0,1894245.0,435654.0,1.0,661697.0,983148.0,185477.0,0.0,0
2574,570786.0,2002.0,1012129.0,895531.0,1.01,1343901.0,1103049.0,0.0,2199.54,0
2576,2082040.0,3594.0,4505531.0,2082040.0,1.0,630107.0,1798657.0,1396024.0,0.0,0
2584,6849412.0,497818.0,33465369.0,6849412.0,0.99,28656445.0,29656692.0,639853.0,0.0,0
2593,253072.0,3733.0,2443442.0,253072.0,1.0,1770498.0,1375156.0,32782.0,15806.32,0
2607,609296.0,1.0,421901.0,609296.0,1.0,1815122.0,756306.0,488789.0,0.0,0
2609,1056716.0,3429.0,1049519.0,1056716.0,0.99,1365866.0,807827.0,119179.0,0.0,0
2611,18199487.0,7763.0,20302880.0,18199487.0,1.0,26171809.0,35477184.0,1667218.0,14012.2,0
2618,4567079.0,110938.0,30261638.0,4567079.0,1.0,20786979.0,16323004.0,3938549.0,13094.96,0
2629,932356.0,7128379.0,761110.0,932356.0,1.36,23322813.0,6265042.0,12.0,0.0,0
2638,7473345.0,182018.0,2903155.0,7473345.0,1.0,1501784.0,519624.0,361440.0,2985.18,0
2645,2586852.0,68078.0,3052471.0,2586852.0,0.98,3276045.0,2992447.0,238377.0,3375.27,0
2650,1385682.0,12829.0,466067.0,1385348.0,0.96,1508631.0,1194025.0,6284.0,0.0,0
2659,619292.0,89192.0,2569909.0,619292.0,1.0,1436561.0,1347904.0,114461.0,0.0,0
2664,444001.0,13088.0,3138688.0,444001.0,1.05,1827117.0,1406572.0,1172561.0,0.0,0
2682,2042642.0,136388.0,1775098.0,2042642.0,0.99,3278398.0,1672197.0,80870.0,0.0,0
2684,3369368.0,110655.0,3195095.0,3644855.0,0.9,1974054.0,2254053.0,2006309.0,0.0,0
272,200892.0,248.0,1071571.0,200892.0,1.0,499264.0,509633.0,62730.0,5957.68,0
2721,3984409.0,24990.0,1705071.0,4511818.0,0.98,5404298.0,2744965.0,205282.0,7534.61,0
2722,132394.0,22845.0,588164.0,132394.0,0.91,274873.0,229360.0,245559.0,0.0,0
2726,1307796.0,20656.0,3885208.0,1307796.0,0.96,0.0,0.0,0.0,6013.12,0
2733,11118377.0,147830.0,38362902.0,11118377.0,0.98,17685481.0,26761499.0,980236.0,20845.0,0
2749,1342391.0,9800.0,553421.0,1342391.0,0.0,0.0,0.0,0.0,18481.0,0
2755,3878291.0,334275.0,4688146.0,3878291.0,1.0,8023560.0,6833249.0,4387485.0,40338.54,0
2756,192802.0,71084.0,986152.0,192802.0,1.0,698724.0,590837.0,26249.0,0.0,0
2764,773837.0,278567.0,3814873.0,773837.0,1.0,3309729.0,3002460.0,4084360.0,0.0,0
2776,1989597.0,1521280.0,2089342.0,1989597.0,0.97,10501769.0,9323178.0,131908.0,7474.89,0
2789,1464969.0,11.0,27787157.0,1464969.0,0.96,2209113.0,2946399.0,9402.0,0.0,0
2796,486302.0,0.0,587347.0,486302.0,0.99,1047761.0,631991.0,36699.0,0.0,0
2799,2550839.0,16405.0,1925419.0,2549819.0,1.0,8971482.0,6270873.0,10302.0,0.0,0
2802,900133.0,129959.0,624001.0,900133.0,0.97,1329496.0,889781.0,34710.0,0.0,0
2807,489366.0,59481.0,4312376.0,489366.0,0.97,1521940.0,1925226.0,1035393.0,0.0,0
2830,290683.0,3.0,587624.0,290683.0,0.92,397393.0,285087.0,0.0,0.0,0
2838,346195.0,87662.0,1920903.0,346195.0,0.95,1391828.0,851670.0,236942.0,0.0,0
2846,1291433.0,28923.0,163194.0,1291433.0,0.96,1716149.0,859863.0,701888.0,0.0,0
2853,406722.0,18461.0,713556.0,406722.0,1.0,284319.0,384496.0,54407.0,0.0,0
2860,3476846.0,4690.0,1897503.0,3476846.0,1.11,4856238.0,3183511.0,568612.0,2179.04,0
2867,5168416.0,50430.0,6259641.0,5575945.0,1.0,7509693.0,6805894.0,3127933.0,0.0,0
2868,179588.0,117.0,1168306.0,179588.0,1.0,370543.0,183861.0,477367.0,0.0,0
2876,702540.0,11225.0,226407.0,702540.0,0.94,938128.0,445042.0,70265.0,637.29,0
2877,583965.0,0.0,1352845.0,583965.0,0.95,2422298.0,2024059.0,148988.0,0.0,0
2880,9684662.0,10261.0,4647478.0,10701068.0,1.01,11427682.0,4139622.0,4954379.0,0.0,0
2881,172257.0,1154.0,754029.0,172257.0,0.79,650869.0,580023.0,1182628.0,0.0,0
2883,819492.0,18145.0,1859936.0,819492.0,0.97,1280173.0,597949.0,425632.0,0.0,0
2897,341306.0,3322.0,1363211.0,341306.0,0.91,456079.0,509749.0,66915.0,0.0,0
2900,2170026.0,27406.0,3419682.0,2170026.0,1.0,2285723.0,1206241.0,1317845.0,0.0,0
2905,438678.0,281329.0,1880794.0,438678.0,1.0,1993472.0,1603300.0,260332.0,4026.68,0
2914,13218841.0,15082.0,8362553.0,13218841.0,0.96,23962969.0,27652495.0,1496655.0,0.0,0
2929,46347209.0,49367.0,29021840.0,46347209.0,0.99,18302252.0,17941928.0,18612421.0,23834.0,0
2932,557281.0,4720.0,827194.0,557281.0,0.9,651256.0,592114.0,341900.0,5796.9,0
2960,1400023.0,19986.0,1253980.0,1502590.0,0.97,1725926.0,727315.0,750381.0,0.0,0
2964,662520.0,2823.0,1118167.0,712598.0,1.0,1993758.0,1191772.0,348711.0,0.0,0
2989,2094437.0,2759435.0,61376964.0,2094437.0,1.04,28191070.0,16420823.0,10133329.0,0.0,0
2990,382633.0,1040.0,646802.0,382633.0,1.0,471430.0,127541.0,19923.0,0.0,0
2995,1334459.0,41184.0,2597298.0,1334459.0,1.0,1628616.0,1070759.0,945511.0,0.0,0
2996,37077.0,30002.0,536909.0,37077.0,1.0,268797.0,336053.0,2689.0,0.0,0
3001,4591068.0,2027413.0,16552193.0,4591068.0,1.0,8706923.0,13225966.0,1567137.0,23151.8,0
3013,299649.0,608527.0,2040046.0,299649.0,1.0,7176344.0,4103258.0,988629.0,21034.71,0
3016,6016249.0,10571149.0,19079254.0,6016249.0,1.0,43807147.0,20968433.0,0.0,0.0,0
3017,702550.0,477.0,567026.0,702550.0,1.01,822743.0,776179.0,141600.0,3471.38,0
3027,638552.0,6493.0,68861.0,638552.0,0.99,1231186.0,243530.0,0.0,0.0,0
3037,39989.0,630.0,206048.0,39989.0,1.02,42799.0,5192.0,477.0,0.0,0
3061,1575717.0,199647.0,3225832.0,3730158.0,1.11,8785018.0,5677428.0,7651473.0,41347.94,0
3077,1235937.0,23487.0,4459352.0,1235937.0,0.97,4224866.0,2401670.0,3102784.0,13119.92,0
3095,385882.0,6652.0,81281.0,385882.0,0.99,432347.0,122440.0,26408.0,0.0,0
3116,367565.0,0.0,249808.0,367565.0,1.0,595571.0,362762.0,76715.0,0.0,0
3122,118351.0,5.0,504330.0,118351.0,0.95,463054.0,246324.0,38061.0,1542.0,0
3124,5276575.0,157343.0,14890718.0,5276575.0,1.09,6056111.0,8072214.0,5892178.0,9828.08,0
3136,64867.0,1776.0,365064.0,64867.0,0.94,105555.0,85560.0,61752.0,2165.34,0
3138,581018.0,199262.0,7363573.0,581018.0,1.01,1401194.0,1850113.0,1318573.0,0.0,0
3161,4725831.0,215447.0,4307309.0,4725831.0,1.0,4577865.0,5330991.0,557972.0,0.0,0
3172,2863086.0,48563.0,969932.0,2863086.0,0.97,3579465.0,2205235.0,279328.0,2758.63,0
3175,1140214.0,2146.0,3077782.0,1140214.0,0.9,2900009.0,3111496.0,119665.0,0.0,0
3185,658324.0,354790.0,9512499.0,658324.0,0.95,3162924.0,2985857.0,1487099.0,0.0,0
3194,261780.0,97544.0,2579259.0,261780.0,1.0,2590394.0,1578792.0,155443.0,12510.0,0
3202,330595.0,62097.0,2202217.0,330595.0,0.87,857293.0,602536.0,1409480.0,8547.63,0
3207,412734.0,19661.0,723806.0,412734.0,0.98,325756.0,450795.0,127095.0,0.0,0
3209,1706084.0,14095.0,219446.0,1706084.0,1.0,1734677.0,1420629.0,7240.0,0.0,0
3223,861312.0,65.0,1275098.0,861312.0,1.0,959713.0,487195.0,411332.0,596.4,0
3224,9262875.0,2915.0,250104.0,9262875.0,1.0,12992166.0,14550706.0,0.0,0.0,0
3231,360661.0,39989.0,423684.0,360661.0,0.95,662080.0,473630.0,173501.0,1861.19,0
3242,15505.0,60221.0,3657.0,15505.0,1.0,0.0,0.0,0.0,0.0,0
3245,908562.0,32312.0,4115261.0,904642.0,1.0,1378010.0,2205943.0,58879.0,0.0,0
3247,3167970.0,18720.0,1066103.0,3167970.0,0.98,3410969.0,979648.0,222083.0,9366.94,0
3252,1544287.0,416414.0,41613438.0,1544287.0,1.0,6526192.0,9369587.0,8613709.0,719.34,0
3257,336789.0,145955.0,945353.0,336789.0,0.97,1464859.0,1067705.0,310280.0,0.0,0
3265,509555.0,41433.0,2850365.0,509555.0,1.0,803904.0,1362947.0,1138253.0,1825.6,0
3266,857545.0,40393.0,10704026.0,1391603.0,0.95,1682309.0,2616054.0,9671662.0,0.0,0
3269,2861454.0,144058.0,8184530.0,2861454.0,1.0,6421445.0,5747901.0,927741.0,0.0,0
3271,735653.0,130635.0,709323.0,735653.0,1.0,1113553.0,922902.0,31782.0,0.0,0
3290,33844687.0,4164459.0,5083543.0,33844687.0,1.05,53878290.0,50607725.0,4795252.0,24018.7,0
3293,6359347.0,5028.0,1088673.0,6359347.0,1.0,8900937.0,2994671.0,408702.0,0.0,0
3296,1016595.0,27589.0,1364056.0,1016595.0,0.89,1450249.0,679990.0,186060.0,1583.1,0
330,703753.0,18426.0,994270.0,703753.0,1.0,944956.0,703059.0,97090.0,0.0,0
3303,1921205.0,242190.0,3022747.0,1921205.0,1.03,3432803.0,3010784.0,102384.0,6052.42,0
3312,157332.0,54578.0,500816.0,157332.0,1.01,1452433.0,507597.0,6261.0,2069.2,0
3314,546582.0,164305.0,119827.0,546582.0,1.0,0.0,0.0,0.0,0.0,0
3330,1719560.0,163092.0,6769851.0,1719560.0,0.97,5798915.0,6936151.0,3819536.0,0.0,0
3333,13106821.0,9996265.0,5055821.0,13106821.0,1.0,42324604.0,40809389.0,1526446.0,34049.1,0
3337,13841647.0,14598664.0,10751296.0,13841647.0,0.99,41254698.0,45447644.0,3121022.0,0.0,0
3344,986327.0,626143.0,3061007.0,986327.0,1.12,10145909.0,5982871.0,1423875.0,0.0,0
3351,212663.0,316826.0,1356359.0,447996.0,0.97,2991826.0,2644180.0,39363.0,0.0,0
3365,2999280.0,964421.0,6417559.0,2999280.0,1.0,14224404.0,4366575.0,4530490.0,0.0,0
3379,452336.0,19011.0,322976.0,452336.0,1.0,603288.0,533027.0,0.0,0.0,0
3388,31175527.0,114209.0,21818092.0,31175527.0,1.0,70379032.0,58267193.0,8897960.0,25722.14,0
3390,1480631.0,3859245.0,4924611.0,1480631.0,0.98,8647052.0,3747841.0,1546040.0,0.0,0
3395,1378248.0,227232.0,4768539.0,1378248.0,1.0,5214848.0,750506.0,886894.0,24045.23,0
3397,371727.0,97438.0,569680.0,371727.0,1.0,1327547.0,640719.0,94153.0,0.0,0
3407,19251337.0,5389193.0,1741186.0,19251337.0,1.09,37951911.0,29998100.0,3375329.0,17223.31,0
3413,973676.0,0.0,862257.0,973676.0,1.0,971661.0,269263.0,381726.0,0.0,0
3415,474553.0,47538.0,281109.0,474553.0,1.0,816824.0,572250.0,17151.0,0.0,0
3416,1202439.0,39789.0,1393649.0,1202439.0,0.95,1687481.0,604500.0,182282.0,0.0,0
3417,1562204.0,40344.0,1410045.0,1562204.0,0.99,2369775.0,2111154.0,158870.0,0.0,0
3421,2083200.0,42126.0,17172002.0,2083200.0,1.0,9556549.0,6180253.0,7142513.0,0.0,0
3427,139178.0,382.0,38650.0,139178.0,0.94,0.0,0.0,0.0,0.0,0
3436,140280.0,486.0,1946678.0,140280.0,0.98,714787.0,707704.0,1105251.0,5197.83,0
3437,83789.0,41254.0,7180201.0,83789.0,1.0,2065357.0,1528235.0,3785167.0,0.0,0
3446,1394557.0,5172.0,1011181.0,2337800.0,1.0,3429100.0,993867.0,0.0,7304.49,0
3450,1049698.0,303818.0,764340.0,1049698.0,1.0,11073697.0,15062207.0,182303.0,6749.13,0
3452,96925.0,2791.0,164432.0,96925.0,1.0,116114.0,34699.0,41256.0,1117.67,0
3454,7936038.0,10815.0,1312547.0,7936038.0,0.99,0.0,0.0,0.0,3.3,0
3460,24431.0,197333.0,159087.0,24431.0,1.0,797011.0,344682.0,397231.0,0.0,0
3463,235052.0,713510.0,335506.0,235052.0,1.0,4299578.0,93483.0,0.0,0.0,0
3465,28452008.0,9752027.0,1051054.0,28452008.0,1.0,40034051.0,35335505.0,0.0,0.0,0
3467,1091531.0,38779.0,1984071.0,1091531.0,0.92,2085363.0,1608480.0,1472.0,9267.28,0
3468,2780614.0,70019.0,142247.0,2780614.0,1.0,3118799.0,1803694.0,7514.0,0.0,0
3470,5260558.0,8844.0,68499866.0,5260558.0,1.0,9923402.0,3770136.0,61247.0,0.0,0
3473,671536.0,917946.0,19495822.0,671536.0,0.99,6142683.0,3385405.0,254079.0,0.0,0
3475,15224765.0,2417744.0,30086722.0,15224765.0,1.0,31293618.0,38436020.0,296793.0,56254.08,0
3479,1903502.0,1935447.0,3953840.0,1903502.0,0.98,9167477.0,10797039.0,237557.0,0.0,0
3481,1529792.0,72138.0,268944.0,1529792.0,0.94,2050627.0,14157.0,578217.0,0.0,0
3482,2728327.0,1913056.0,36446232.0,2728327.0,0.99,11426617.0,12869571.0,174263.0,21084.89,0
3486,955334.0,17964.0,328624.0,955334.0,1.0,0.0,0.0,2073.0,0.0,0
3490,14246913.0,33047.0,751936.0,14246913.0,0.87,41877976.0,16777592.0,0.0,0.0,0
3494,21918692.0,8747758.0,9243386.0,21918692.0,1.0,43068353.0,48386245.0,0.0,0.0,0
3499,1570872.0,261132.0,839272.0,1570872.0,1.0,3276226.0,3329712.0,0.0,174.61,0
3500,3157443.0,1205784.0,33961250.0,3157443.0,0.96,4386714.0,4003027.0,6909.0,0.0,0
3510,15678537.0,62387.0,1707051.0,15547316.0,0.97,0.0,0.0,0.0,0.0,0
3511,710805.0,34477.0,88112.0,588475.0,0.94,0.0,0.0,0.0,0.0,0
3512,686574.0,42879.0,51361.0,686574.0,1.0,0.0,0.0,0.0,701.08,0
3515,2203058.0,1681872.0,10103077.0,2203058.0,1.0,13562081.0,14964104.0,142767.0,11563.62,0
3516,143193.0,826.0,1831297.0,143193.0,1.0,206234.0,24824.0,310.0,0.0,0
3519,74817.0,10363.0,2991280.0,74817.0,0.99,319752.0,40575.0,304780.0,0.0,0
3524,2983308.0,381.0,4854.0,2983308.0,1.0,0.0,0.0,0.0,0.0,0
3525,15574887.0,1223007.0,1354533.0,15574887.0,1.0,19593077.0,17932000.0,2861982.0,0.0,0
3527,5190990.0,1607.0,1019836.0,5190990.0,0.99,5254692.0,4179784.0,1617.0,451.04,0
3528,626506.0,29591.0,1452068.0,626506.0,0.75,1035656.0,1405962.0,44179.0,92.86,0
3529,6571792.0,395511.0,4873595.0,6571792.0,1.0,8861351.0,1358614.0,0.0,0.0,0
3533,62213.0,343.0,194098.0,62213.0,0.54,0.0,0.0,0.0,240.11,0
3536,980810.0,447.0,208743.0,980810.0,0.85,0.0,0.0,0.0,0.0,0
356,636167.0,19312.0,764289.0,636167.0,1.0,1200539.0,917743.0,220383.0,2496.11,0
384,209659.0,11695.0,169389.0,209659.0,1.0,0.0,0.0,0.0,0.0,0
415,18670251.0,4920382.0,48436687.0,18670251.0,1.0,63933434.0,74576810.0,489133.0,0.0,0
435,953942.0,89403.0,1333436.0,987453.0,1.12,3247041.0,2347595.0,0.0,4143.0,0
438,943681.0,102060.0,2014243.0,943681.0,1.15,1041009.0,929377.0,539494.0,0.0,0
444,211211.0,2082.0,510259.0,211211.0,0.99,239430.0,254004.0,35005.0,0.0,0
478,1860731.0,110210.0,2307542.0,1860731.0,0.99,3673435.0,1525165.0,113675.0,0.0,0
480,4791091.0,704444.0,11190303.0,4791091.0,1.0,8744019.0,5954504.0,1172917.0,0.0,0
481,2730508.0,271683.0,3711847.0,2730508.0,1.0,4425116.0,5381798.0,2648960.0,0.0,0
485,7886046.0,1030098.0,30620665.0,12546008.0,1.04,17220600.0,18039946.0,1194542.0,42725.2,0
492,2350076.0,6839.0,848825.0,2350076.0,1.0,2375173.0,1057238.0,647818.0,0.0,0
52,1022603.0,8078.0,13561663.0,1022603.0,0.96,2584757.0,3508329.0,425660.0,0.0,0
520,294327.0,162123.0,8364110.0,305674.0,1.0,2914965.0,1281101.0,1008736.0,11771.89,0
53,3861881.0,63320.0,9945945.0,3861881.0,1.0,5817206.0,6783393.0,1218538.0,7101.56,0
537,1035454.0,3720.0,986935.0,1035454.0,1.0,1102970.0,826473.0,64950.0,0.0,0
538,76761.0,1169.0,415700.0,76761.0,1.0,555068.0,176747.0,265958.0,0.0,0
554,2280370.0,778725.0,21459083.0,2280071.0,1.0,7818302.0,13242895.0,10568474.0,26244.24,0
574,569513.0,1807.0,96798.0,569513.0,1.0,638309.0,139981.0,57504.0,0.0,0
575,1153082.0,182.0,474276.0,1153082.0,1.05,1814465.0,122028.0,56027.0,9905.97,0
588,202817132.0,6222996.0,40097878.0,202707481.0,1.0,225672686.0,205390225.0,884691.0,0.0,0
600,2894826.0,93838.0,16483081.0,2894826.0,1.0,16257122.0,18343325.0,2585649.0,0.0,0
604,322063.0,33957.0,1598126.0,322063.0,1.0,1642780.0,1464845.0,12774.0,0.0,0
609,1089009.0,87829.0,3491507.0,1089009.0,0.99,2191521.0,2998164.0,334217.0,0.0,0
646,5590460.0,152703.0,5882174.0,5590460.0,1.0,6591147.0,5104562.0,315439.0,6091.0,0
65,4715917.0,177975.0,20576259.0,4715917.0,1.02,21605572.0,17758942.0,1814691.0,0.0,0
665,286545.0,308908.0,3521665.0,285757.0,0.96,1954060.0,830054.0,1407037.0,0.0,0
67,4280992.0,209.0,8680508.0,4280273.0,1.01,6488993.0,5053375.0,3807839.0,19094.0,0
685,593915.0,0.0,185836.0,593915.0,0.92,651496.0,279349.0,0.0,0.0,0
695,520273.0,28437.0,454214.0,520273.0,1.0,693903.0,504396.0,415504.0,1200.26,0
702,1776787.0,22665.0,7854228.0,1776787.0,0.99,2561212.0,2471809.0,209097.0,0.0,0
760,2869213.0,182192.0,3657317.0,2869213.0,0.99,3267494.0,2309277.0,59001.0,0.0,0
817,172956.0,38543.0,1830880.0,172956.0,1.0,791034.0,495381.0,337711.0,7203.0,0
841,73188.0,2218.0,547772.0,73188.0,0.95,230079.0,165391.0,26215.0,0.0,0
842,534620.0,23572.0,1575438.0,534620.0,0.99,730617.0,917698.0,445334.0,1419.64,0
843,10535915.0,110338.0,16972862.0,10483868.0,1.0,8968907.0,18260680.0,1990114.0,0.0,0
85,308681.0,3.0,822571.0,308681.0,0.98,340455.0,260679.0,78617.0,819.34,0
857,1874730.0,85360.0,1782176.0,1874730.0,0.97,2812148.0,2825168.0,26963.0,0.0,0
874,213390.0,7359.0,709988.0,213390.0,0.99,250022.0,166250.0,139406.0,0.0,0
875,1211760.0,5380.0,980424.0,1211760.0,1.0,1331404.0,1180746.0,199075.0,0.0,0
902,4107618.0,215293.0,6778090.0,4107618.0,1.16,6771461.0,5753594.0,1158746.0,11373.08,0
918,11569260.0,5330923.0,92592466.0,11569260.0,1.0,31088403.0,41302870.0,8180202.0,0.0,0
933,743963.0,3462.0,672847.0,743963.0,1.0,1101535.0,780590.0,75780.0,0.0,0
937,1469116.0,65101.0,943207.0,1519322.0,1.0,2172009.0,1356449.0,121548.0,0.0,0
969,1473477.0,6817.0,378521.0,1473477.0,0.95,2532642.0,593088.0,0.0,3900.0,0
1016,328855.0,3151.0,217889.0,328855.0,1.0,439337.0,112363.0,169649.0,1945.95,0
1027,157362.0,143245.0,299813.0,322831.0,1.01,793860.0,199557.0,149211.0,0.0,0
1046,278002.0,13203.0,215820.0,278002.0,1.0,354808.0,232909.0,150532.0,0.0,0
1049,2725022.0,221185.0,4568484.0,2711894.0,1.0,3714511.0,3291610.0,172015.0,0.0,0
1052,825630.0,2235.0,594680.0,825630.0,0.96,1087040.0,992086.0,140825.0,0.0,0
106,596453.0,144349.0,472729.0,596453.0,0.98,971671.0,987954.0,11618.0,3537.0,0
1071,533947.0,26497.0,424602.0,533947.0,1.0,1166422.0,1144206.0,487592.0,0.0,0
1114,371126.0,2427.0,480602.0,371126.0,1.67,381696.0,277941.0,43272.0,0.0,0
1136,527467.0,253.0,995013.0,527467.0,0.99,609388.0,822057.0,197709.0,882.24,0
1143,3392945.0,682064.0,2263255.0,3392945.0,0.92,10198640.0,9341476.0,0.0,0.0,0
1144,1788367.0,6254.0,2276536.0,1788367.0,1.0,2470606.0,1688786.0,52469.0,2967.92,0
1151,615708.0,21751.0,793681.0,615708.0,1.01,748037.0,599804.0,145462.0,0.0,0
1158,1952299.0,54434.0,2930856.0,2099851.0,1.0,4418153.0,4188071.0,640082.0,0.0,0
1189,1141324.0,12529.0,19731346.0,1141324.0,1.0,3912810.0,2444204.0,686210.0,22154.56,0
121,46862154.0,153387.0,10935374.0,56058641.0,0.97,24843531.0,13654959.0,2954283.0,0.0,0
1281,685364.0,23393.0,1296225.0,685364.0,1.0,433603.0,609605.0,170216.0,0.0,0
1288,2074698.0,13811.0,3595049.0,2665914.0,1.0,3069583.0,3729526.0,560620.0,2875.75,0
1293,3071171.0,32660.0,1698019.0,5387716.0,1.08,7117760.0,6137378.0,106257.0,2119.07,0
1307,23151902.0,1551412.0,6796376.0,23151902.0,1.0,45320235.0,38565363.0,1738691.0,0.0,0
1312,1124115.0,5107.0,1387446.0,1124115.0,0.99,1237363.0,987653.0,213174.0,0.0,0
1317,2450697.0,107636.0,2818169.0,2450697.0,1.01,3211711.0,2671522.0,749664.0,0.0,0
1319,2482404.0,93360.0,15838416.0,2482404.0,1.02,4813007.0,3610074.0,4712450.0,3.72,0
1376,951960.0,5916.0,2646598.0,3213796.0,1.02,4814885.0,3255644.0,77748.0,0.0,0
1399,1082909.0,182019.0,1218616.0,1082909.0,1.0,2003782.0,1869931.0,55423.0,0.0,0
1405,376883.0,517.0,791168.0,376883.0,0.95,547186.0,666117.0,407758.0,528.19,0
1455,1643507.0,14637.0,3928103.0,1643507.0,1.0,1994586.0,1553122.0,577742.0,1771.0,0
1478,27553.0,0.0,87292.0,27553.0,1.0,27363.0,6377.0,183042.0,0.0,0
1557,11907834.0,88692.0,93737106.0,11907834.0,1.13,7870563.0,9405439.0,12040388.0,5076.4,0
1573,4543151.0,54605.0,11577287.0,4543151.0,0.97,7933358.0,7055927.0,2308316.0,0.0,0
1637,12284611.0,387027.0,15098184.0,27891248.0,1.01,46785847.0,27336521.0,3752867.0,19909.0,0
1659,1734640.0,16088.0,4816594.0,1734640.0,1.0,2223613.0,1921995.0,197760.0,0.0,0
1673,59218.0,22900.0,577460.0,59218.0,0.99,179647.0,205449.0,196391.0,0.0,0
1720,2143993.0,10577.0,6517144.0,2143993.0,1.0,2492114.0,2326933.0,253822.0,0.0,0
1732,905281.0,1551.0,677869.0,905281.0,1.0,2013854.0,585944.0,25977.0,8702.48,0
1747,716384.0,10322.0,767564.0,716372.0,0.98,869831.0,825868.0,4817.0,0.0,0
1752,1996865.0,101784.0,8673419.0,1996865.0,0.98,2587958.0,3266266.0,884243.0,0.0,0
1765,77054.0,31453.0,777574.0,77054.0,0.99,240234.0,255300.0,33989.0,0.0,0
1781,1001212.0,1891.0,815007.0,1001212.0,0.98,1054533.0,630042.0,430912.0,1569.0,0
1788,377918.0,35373.0,642606.0,377918.0,0.93,626154.0,349581.0,133698.0,1228.32,0
1809,1318386.0,7956.0,773719.0,1318386.0,1.0,1366276.0,1212618.0,341939.0,0.0,0
1810,35724990.0,449670.0,74083713.0,35584356.0,1.05,31407219.0,50226200.0,4647414.0,66312.0,0
1829,1155093.0,15274.0,10272564.0,2232009.0,0.86,8631829.0,5399255.0,234579.0,15544.62,0
1885,12175708.0,957007.0,37692345.0,12175708.0,0.95,20892175.0,20062376.0,4879520.0,45023.42,0
1896,863286.0,7373.0,2555514.0,863286.0,1.01,1481718.0,1024196.0,455358.0,0.0,0
1920,7610323.0,2264230.0,9639940.0,9768509.0,1.0,24589221.0,20875127.0,2620147.0,12375.11,0
1948,2848820.0,116471.0,264997.0,2848820.0,0.99,3201979.0,2499816.0,3792.0,0.0,0
1949,552031.0,275.0,277796.0,552031.0,1.05,550095.0,316034.0,57062.0,0.0,0
1966,4374654.0,138629.0,16922766.0,4374654.0,0.98,9068512.0,6045846.0,1650439.0,0.0,0
1973,1518626.0,2.0,954180.0,1518626.0,0.99,1335116.0,600104.0,30217.0,0.0,0
2,774512.0,133.0,417868.0,774512.0,1.0,846923.0,775048.0,794863.0,1617.06,0
2015,1412570.0,176152.0,4102318.0,1412570.0,1.0,2547440.0,2547123.0,358648.0,0.0,0
2027,322406.0,12066.0,441095.0,321783.0,1.0,402125.0,519747.0,0.0,0.0,0
2034,1255755.0,74211.0,208479.0,1255755.0,1.17,1696409.0,1277437.0,124635.0,0.0,0
2048,5029638.0,588474.0,34696383.0,5004607.0,1.0,11732681.0,16788737.0,1978770.0,0.0,0
2063,422902.0,73540.0,4499036.0,422902.0,0.99,1811917.0,2120814.0,297366.0,0.0,0
2065,1232710.0,35484.0,1170767.0,1232710.0,1.0,1650491.0,1053570.0,146405.0,0.0,0
2070,860900.0,22801.0,893394.0,860900.0,0.9,1136777.0,848935.0,0.0,30687.35,0
21,332499.0,10062.0,920700.0,332499.0,0.92,490409.0,915233.0,295628.0,1857.28,0
2103,236604.0,180388.0,1728932.0,236604.0,0.98,1409761.0,1581084.0,1021809.0,1809.14,0
2119,837324.0,160065.0,4281790.0,837324.0,1.03,7683894.0,4080321.0,1325206.0,11394.54,0
212,6659184.0,411718.0,6596247.0,7171607.0,0.99,9179140.0,6186068.0,438298.0,3234.07,0
2156,962035.0,13532.0,2609944.0,1841738.0,0.92,2724461.0,2865957.0,2826584.0,10393.77,0
2170,1678335.0,10476.0,4232881.0,1678335.0,1.0,3076730.0,3393166.0,2716463.0,9262.0,0
2208,885792.0,111145.0,6720970.0,885792.0,0.97,4661371.0,3327020.0,775886.0,0.0,0
2216,4870940.0,1574390.0,47114947.0,4851064.0,1.0,15105661.0,20616439.0,2704969.0,43919.3,0
2225,25165943.0,368669.0,69664717.0,25165943.0,1.01,26746400.0,32895868.0,13116302.0,0.0,0
2241,17784404.0,4943700.0,8612661.0,16855585.0,0.99,44754002.0,36821362.0,0.0,0.0,0
2245,86606.0,27518.0,576298.0,86606.0,0.97,240130.0,272623.0,2453.0,0.0,0
2252,1059547.0,522.0,1066052.0,1059547.0,0.93,1471121.0,551842.0,1401645.0,0.0,0
2275,65682508.0,3689509.0,230657921.0,64868709.0,1.0,160507314.0,223296791.0,34231637.0,556.92,0
2304,22928538.0,26174.0,60195671.0,22928538.0,1.0,5636176.0,7090895.0,2571309.0,106248.8,0
2307,21893464.0,498850.0,45700545.0,31414556.0,1.0,32506253.0,32174634.0,4485545.0,22820.54,0
2309,12091225.0,297443.0,9062687.0,14228628.0,1.0,37918309.0,33353532.0,0.0,21937.46,0
2347,546921.0,110709.0,1416144.0,546921.0,1.17,2426971.0,2333981.0,1487075.0,8622.82,0
236,131563.0,3.0,238249.0,131563.0,1.0,171862.0,199438.0,459135.0,2239.76,0
2368,489831.0,206508.0,2547214.0,489831.0,0.96,3008134.0,2677528.0,76454.0,0.0,0
2374,781562.0,23142.0,544647.0,781562.0,1.0,1513659.0,1274190.0,0.0,1973.0,0
2390,5776168.0,413449.0,2234850.0,5776168.0,1.0,7946537.0,7577601.0,320623.0,0.0,0
2407,241455.0,591.0,247110.0,241455.0,0.99,244747.0,87199.0,0.0,0.0,0
2438,742407.0,1326.0,708223.0,742407.0,0.98,1317071.0,1311279.0,706456.0,0.0,0
2440,11435871.0,1578225.0,53500401.0,26448779.0,0.97,31180057.0,35475312.0,3957412.0,1022.2,0
2443,16302180.0,562341.0,24684464.0,16298388.0,0.99,24942043.0,32150065.0,26255002.0,61075.42,0
2484,864943.0,172536.0,678042.0,864943.0,1.07,2252995.0,2057058.0,3635.0,861.87,0
249,4571587.0,41392.0,10597732.0,4571587.0,1.0,8931440.0,7464133.0,1746727.0,0.0,0
2490,11754221.0,1059964.0,23099883.0,11600181.0,1.0,11618215.0,17060863.0,208662.0,924.26,0
2494,496449.0,4592091.0,940139.0,2408339.0,0.87,30036313.0,15940305.0,0.0,0.0,0
2499,468292.0,5285.0,1044888.0,468292.0,1.0,531474.0,490989.0,156739.0,0.0,0
2506,3540350.0,366733.0,2432128.0,4803448.0,1.0,10010914.0,7700924.0,2.0,8587.58,0
2507,702176.0,158811.0,2640973.0,702176.0,1.01,10197774.0,7570401.0,661749.0,32084.67,0
2524,1047760.0,1003.0,1004433.0,1047760.0,1.0,1251058.0,1030700.0,179452.0,4398.8,0
2530,834316.0,5674.0,934976.0,834316.0,0.9,1002609.0,1038008.0,435184.0,0.0,0
2534,3124009.0,59979.0,12075103.0,3124009.0,1.0,3809144.0,2033082.0,5793.0,9807.98,0
2559,789427.0,604137.0,4112548.0,789427.0,0.97,4722074.0,4884843.0,1474464.0,0.0,0
256,2942293.0,2739.0,1231748.0,2942293.0,1.0,5384697.0,2552780.0,9628.0,0.0,0
2564,864727.0,2386.0,1830169.0,864727.0,1.0,1027660.0,1279633.0,224701.0,1693.72,0
2574,385769.0,1933.0,815075.0,714294.0,1.02,1198046.0,889589.0,20250.0,2172.76,0
2576,1977123.0,6376.0,4525663.0,1977123.0,1.0,485450.0,1681647.0,1393952.0,0.0,0
2584,7288169.0,982623.0,19900199.0,7288169.0,0.99,15805070.0,19537371.0,634100.0,0.0,0
2593,263940.0,784.0,2465897.0,263940.0,1.0,547105.0,312097.0,31436.0,16324.73,0
2607,870940.0,1.0,321171.0,870940.0,1.0,4128757.0,1643869.0,408440.0,0.0,0
2609,1018964.0,5522.0,1078016.0,1018964.0,0.99,1271685.0,626950.0,115312.0,0.0,0
2611,20313615.0,54471.0,21178079.0,20313615.0,1.0,31393258.0,34654772.0,1718112.0,14526.01,0
2618,3562446.0,174600.0,36245774.0,3562446.0,1.0,28100715.0,20551431.0,3974204.0,0.0,0
2629,11394513.0,5812881.0,761334.0,11394513.0,1.18,29027454.0,11447851.0,14.0,0.0,0
2638,7122599.0,196886.0,2855569.0,7122599.0,1.04,1736724.0,751149.0,318632.0,2850.12,0
2645,1989757.0,56835.0,3438492.0,1989757.0,0.99,2592651.0,2812586.0,244674.0,2513.03,0
2650,1252759.0,12286.0,408415.0,1252556.0,0.97,1330058.0,1012782.0,24739.0,0.0,0
2659,690331.0,57949.0,2737335.0,690331.0,1.0,1348973.0,1425602.0,101924.0,0.0,0
2664,470334.0,12264.0,3596041.0,470334.0,1.05,1439496.0,1573329.0,1265199.0,0.0,0
2682,2676633.0,120043.0,1425746.0,2676633.0,0.99,3556433.0,1655977.0,42331.0,0.0,0
2684,3504930.0,154049.0,3468765.0,3774518.0,0.92,2504105.0,2186219.0,1726326.0,0.0,0
272,243092.0,181.0,1108446.0,243092.0,1.0,589906.0,562663.0,61593.0,3679.2,0
2721,4303533.0,9166.0,1782380.0,4834922.0,0.99,5781671.0,3097574.0,214541.0,8356.59,0
2722,153858.0,25213.0,575079.0,153858.0,0.91,316985.0,258266.0,257399.0,0.0,0
2726,1889112.0,9047.0,3677905.0,1889112.0,0.96,0.0,0.0,0.0,0.0,0
2733,10807031.0,150086.0,40115725.0,10807031.0,1.0,17704799.0,27780573.0,1146423.0,38116.0,0
2749,1300557.0,12056.0,773263.0,1300557.0,0.0,0.0,0.0,0.0,26043.0,0
2755,3021636.0,3309.0,5800724.0,3222701.0,1.0,9838724.0,8094512.0,4049751.0,38633.77,0
2756,212501.0,77431.0,984167.0,212501.0,1.0,756727.0,598701.0,21398.0,0.0,0
2764,852790.0,266946.0,3661334.0,852790.0,1.0,4443428.0,3833097.0,4128290.0,2475.26,0
2772,3985988.0,8342.0,7364682.0,4311079.0,1.02,4697279.0,3919914.0,358289.0,2804.67,0
2776,2914962.0,1764795.0,1968368.0,2914962.0,0.98,12487351.0,11181075.0,119277.0,24570.26,0
2789,1351336.0,327755.0,27326009.0,1351336.0,0.96,3846027.0,4823249.0,20124.0,0.0,0
2796,548741.0,0.0,627787.0,548741.0,0.99,1149843.0,732115.0,32020.0,0.0,0
2799,3699582.0,19929.0,1677305.0,3697859.0,0.99,9660110.0,6783962.0,501.0,0.0,0
2802,736054.0,180992.0,602849.0,736054.0,0.97,1085949.0,954091.0,31846.0,0.0,0
2807,606325.0,47304.0,4405338.0,606325.0,0.96,1626387.0,1611264.0,1010636.0,0.0,0
2830,234707.0,3.0,600761.0,234707.0,0.97,288486.0,269585.0,0.0,0.0,0
2838,394715.0,83983.0,1938577.0,394715.0,0.96,1063035.0,1004824.0,234694.0,0.0,0
2846,1508974.0,17899.0,95997.0,1508974.0,0.98,2578442.0,1611507.0,895046.0,0.0,0
2853,407064.0,17851.0,661835.0,407064.0,1.0,210022.0,467373.0,56236.0,0.0,0
2860,3573099.0,4994.0,2136004.0,3573099.0,1.09,5224450.0,3757670.0,675596.0,0.0,0
2867,4858030.0,42185.0,6121546.0,5262699.0,1.0,6245968.0,5854769.0,2958083.0,0.0,0
2868,141499.0,27.0,1248995.0,141499.0,1.0,228328.0,139013.0,468215.0,0.0,0
2876,884265.0,11103.0,215042.0,884265.0,0.95,1088836.0,533605.0,64546.0,640.07,0
2877,395240.0,0.0,363596.0,395240.0,0.97,950889.0,703921.0,190233.0,974.48,0
2880,7637680.0,9325.0,4744599.0,9759292.0,1.01,10191453.0,3592568.0,5000985.0,0.0,0
2881,170234.0,1080.0,768631.0,170234.0,0.81,735025.0,664540.0,1182631.0,0.0,0
2883,686989.0,32318.0,1967465.0,686989.0,0.97,1168835.0,620671.0,425630.0,0.0,0
2897,572339.0,2993.0,1355964.0,572339.0,0.92,736462.0,832845.0,67121.0,744.64,0
2900,2307268.0,7024.0,3249773.0,2307268.0,1.0,2365542.0,1475033.0,1333872.0,0.0,0
2905,535317.0,242745.0,1875923.0,535317.0,0.98,2175462.0,1648159.0,299961.0,0.0,0
2914,8079736.0,209108.0,7923974.0,8079736.0,0.98,24720223.0,28154641.0,1457244.0,0.0,0
2929,57060803.0,49937.0,29796791.0,57060803.0,0.97,21855286.0,20822185.0,19005822.0,24742.56,0
2932,788611.0,4980.0,954451.0,788611.0,0.92,995363.0,1001650.0,327332.0,4681.13,0
2964,793442.0,3339.0,973411.0,851231.0,1.0,2176203.0,1311689.0,348202.0,0.0,0
2982,1190073.0,530440.0,2634072.0,1190073.0,0.99,3069364.0,844649.0,11850.0,0.0,0
2989,2061386.0,3587443.0,62069356.0,2061386.0,1.03,31287168.0,21323616.0,10214191.0,0.0,0
2990,417827.0,1105.0,659215.0,417827.0,0.99,479979.0,123451.0,14345.0,0.0,0
2995,1176747.0,26052.0,2781768.0,1176747.0,1.0,1318014.0,905633.0,783541.0,0.0,0
2996,56716.0,14002.0,602344.0,56716.0,1.0,242779.0,339559.0,2591.0,0.0,0
3001,3798111.0,2301252.0,15956339.0,3798111.0,1.0,9456606.0,13181605.0,1612072.0,24682.72,0
3013,614782.0,1394356.0,2025554.0,614782.0,1.0,11158061.0,8123446.0,1004377.0,21912.06,0
3016,20537988.0,3093323.0,13663218.0,20537988.0,1.01,27898774.0,16939428.0,0.0,0.0,0
3017,470323.0,88395.0,555487.0,470323.0,1.0,975508.0,966718.0,137303.0,3764.19,0
3027,451505.0,32510.0,72423.0,451505.0,0.98,1363052.0,264382.0,0.0,0.0,0
3061,1552672.0,149989.0,4821608.0,3713027.0,1.1,9610220.0,6480060.0,5573148.0,42484.03,0
3077,1087333.0,35672.0,4440701.0,1087333.0,0.98,3750826.0,3461321.0,3138158.0,15530.22,0
3095,380895.0,10737.0,72168.0,380895.0,0.99,439394.0,114551.0,17693.0,0.0,0
3116,415889.0,0.0,270848.0,415889.0,1.0,665897.0,433866.0,76715.0,0.0,0
3124,8188927.0,185743.0,13507336.0,8188927.0,1.03,7270563.0,7495430.0,6077170.0,0.0,0
3136,83491.0,4255.0,353821.0,83491.0,0.94,141713.0,92043.0,61752.0,1755.91,0
3138,532834.0,185300.0,7778414.0,532834.0,1.01,1292526.0,1239185.0,1244753.0,0.0,0
3161,3826893.0,238726.0,4398637.0,3826893.0,1.0,3789020.0,4713838.0,513074.0,0.0,0
3172,2513556.0,75811.0,902314.0,2513556.0,0.97,3369705.0,2252765.0,497790.0,2948.55,0
3175,1133468.0,1034.0,3057889.0,1133468.0,0.95,2641604.0,2397516.0,111131.0,5243.96,0
3185,555375.0,392323.0,8663014.0,555375.0,0.97,3660526.0,3044420.0,1735567.0,0.0,0
3194,396789.0,161231.0,2668750.0,396789.0,1.0,3513657.0,2161543.0,76395.0,13140.0,0
3202,498544.0,126312.0,2314991.0,498544.0,0.89,1357679.0,1118331.0,1483599.0,5975.33,0
3207,513425.0,39402.0,645677.0,513425.0,0.98,519588.0,486354.0,94037.0,0.0,0
3209,1276004.0,15346.0,204788.0,1276004.0,1.0,1296136.0,1018165.0,7246.0,787.44,0
3223,895491.0,60.0,1234256.0,895491.0,1.0,1070118.0,577803.0,420314.0,656.0,0
3224,9165960.0,327.0,283757.0,9165960.0,1.0,12996195.0,14584012.0,0.0,0.0,0
3231,345369.0,46953.0,407340.0,345369.0,0.94,685110.0,480197.0,165508.0,0.0,0
3242,5012.0,31516.0,3508.0,5012.0,1.0,0.0,0.0,0.0,0.0,0
3245,683695.0,74377.0,3833813.0,678179.0,1.0,1076067.0,1982682.0,44961.0,0.0,0
3247,2801654.0,18485.0,1116632.0,2801654.0,0.98,2970554.0,1120016.0,237947.0,8572.94,0
3252,2541508.0,243875.0,42341354.0,2541508.0,1.0,7242677.0,4316817.0,8524070.0,8152.71,0
3257,308131.0,203007.0,871922.0,308131.0,0.97,1951688.0,1304533.0,316089.0,0.0,0
3265,485302.0,62026.0,2867362.0,485302.0,1.0,1080238.0,1456859.0,1138728.0,1025.92,0
3266,1292770.0,32023.0,10548511.0,1806405.0,0.95,987544.0,2410325.0,8253938.0,0.0,0
3269,3001681.0,33172.0,8371248.0,3001681.0,1.0,5912934.0,5239632.0,816504.0,0.0,0
3271,714394.0,118855.0,800818.0,714394.0,1.0,1053224.0,946612.0,31772.0,0.0,0
3290,46458529.0,4282523.0,5997181.0,46458529.0,1.04,68938841.0,67456847.0,2604003.0,27905.78,0
3293,5270910.0,2361.0,2335886.0,5270910.0,1.0,8101989.0,3435542.0,414062.0,0.0,0
3296,1012722.0,24153.0,1470068.0,1012722.0,0.87,1430469.0,630126.0,131668.0,1553.58,0
3300,5267176.0,37304.0,8058695.0,5267176.0,0.97,8932437.0,3487828.0,507925.0,12956.63,0
3303,1371444.0,382220.0,3048452.0,1371444.0,1.02,3498079.0,3452361.0,102309.0,0.0,0
3314,557325.0,149700.0,243697.0,557325.0,1.0,0.0,0.0,0.0,0.0,0
3330,1721432.0,35276.0,7241173.0,1721432.0,1.0,5523460.0,5829798.0,4496598.0,0.0,0
3333,15879109.0,10282359.0,5006934.0,15879109.0,1.0,43202351.0,47642773.0,2719187.0,41802.58,0
3337,20519264.0,13022111.0,10072041.0,20519264.0,1.0,39465078.0,45122816.0,3325699.0,0.0,0
3351,173891.0,235246.0,1550845.0,443967.0,0.96,2627882.0,2365790.0,44724.0,1116.44,0
3365,1437951.0,1001638.0,8900400.0,1437951.0,0.99,12808828.0,4629331.0,3894627.0,0.0,0
3379,401830.0,9014.0,374833.0,401830.0,1.0,504262.0,493627.0,0.0,0.0,0
3388,30702892.0,537875.0,24672573.0,30702892.0,0.99,55869945.0,65566512.0,8742239.0,0.0,0
3390,3614289.0,4020874.0,5161739.0,3614289.0,0.91,7013084.0,1634704.0,1614894.0,0.0,0
3395,658073.0,226803.0,5426603.0,658073.0,1.0,4730554.0,674978.0,976996.0,0.0,0
3397,426734.0,28045.0,526495.0,426734.0,1.0,1042015.0,784442.0,78588.0,0.0,0
3407,27807575.0,4708479.0,1786957.0,27807575.0,1.04,42690459.0,33932335.0,4232618.0,0.0,0
3413,982968.0,1.0,844156.0,982968.0,1.0,981574.0,253307.0,671625.0,0.0,0
3415,486558.0,59160.0,279131.0,486558.0,1.0,899047.0,623676.0,17003.0,0.0,0
3416,1346339.0,46155.0,1293422.0,1346339.0,0.97,1482492.0,458713.0,172000.0,0.0,0
3417,1192471.0,58388.0,1550358.0,1192471.0,0.96,2464419.0,2124837.0,273251.0,0.0,0
3421,3419657.0,277248.0,15673425.0,3419657.0,1.0,10453286.0,8870995.0,4990305.0,0.0,0
3427,450175.0,418.0,40944.0,450175.0,0.97,0.0,0.0,0.0,0.0,0
3436,254065.0,987.0,2036277.0,254065.0,0.97,758209.0,859419.0,1059814.0,3538.44,0
3437,44546.0,63871.0,8416090.0,44546.0,1.0,2563128.0,3081451.0,4720531.0,0.0,0
3446,2202964.0,2851.0,883065.0,3217200.0,1.0,5154718.0,1907860.0,0.0,8092.28,0
3450,1127123.0,266808.0,489801.0,1127123.0,1.0,9047992.0,13624439.0,196570.0,8184.93,0
3452,88711.0,6746.0,149199.0,88711.0,1.0,127131.0,22477.0,35489.0,1283.2,0
3454,7163426.0,12273.0,1256646.0,7163426.0,0.99,0.0,0.0,0.0,3.72,0
3460,25047.0,196355.0,176629.0,25047.0,1.0,762047.0,420812.0,449613.0,0.0,0
3463,140781.0,745423.0,815172.0,140781.0,1.0,4548159.0,91999.0,0.0,0.0,0
3465,24830434.0,10038370.0,3056020.0,24830434.0,1.0,45980747.0,41018970.0,0.0,0.0,0
3467,1124454.0,51655.0,2007381.0,1124454.0,0.93,2163882.0,1845834.0,1472.0,9461.44,0
3470,5673379.0,8843.0,67615350.0,5673379.0,1.0,8519582.0,4959825.0,54564.0,0.0,0
3473,729672.0,1127460.0,20878361.0,729672.0,1.0,7258339.0,3487914.0,301701.0,0.0,0
3475,15586019.0,1704573.0,28603657.0,15586019.0,1.0,41676166.0,51865314.0,211179.0,70884.88,0
3479,5851155.0,1476765.0,5089608.0,5851155.0,0.98,11793560.0,14541587.0,268395.0,0.0,0
3481,404003.0,486239.0,95885.0,404003.0,0.99,2874332.0,11284.0,92507.0,0.0,0
3482,2661144.0,2105610.0,37444262.0,2661144.0,0.99,12237777.0,14986948.0,174500.0,21393.14,0
3486,767337.0,20272.0,345590.0,767337.0,1.0,0.0,0.0,302.0,0.0,0
3490,12702596.0,39661.0,1585743.0,12702596.0,0.9,39420283.0,14898238.0,0.0,0.0,0
3494,19708689.0,12618565.0,7243691.0,19708689.0,1.0,60490298.0,64979338.0,0.0,0.0,0
3499,1909885.0,216815.0,969976.0,1909885.0,1.0,3713004.0,3735612.0,0.0,162.46,0
3500,1884393.0,1420619.0,35515452.0,1884393.0,0.97,4484536.0,5211860.0,7654.0,0.0,0
3510,17413193.0,58304.0,1481159.0,17207162.0,0.98,0.0,0.0,0.0,0.0,0
3511,551653.0,31822.0,67212.0,321683.0,0.95,0.0,0.0,0.0,0.0,0
3512,728992.0,49507.0,86018.0,728992.0,1.0,0.0,0.0,0.0,748.14,0
3515,3701548.0,1748065.0,10459584.0,3701548.0,1.0,12244234.0,13824569.0,142034.0,0.0,0
3516,292459.0,558.0,1669055.0,292459.0,1.0,345321.0,343532.0,269.0,0.0,0
3519,85825.0,56567.0,1326007.0,85825.0,0.99,422083.0,48490.0,5909.0,0.0,0
3524,2574357.0,618.0,4287.0,2574357.0,1.0,0.0,0.0,0.0,0.0,0
3525,15025836.0,3787698.0,1330077.0,15025836.0,1.0,28340564.0,31562810.0,3837913.0,0.0,0
3527,6092612.0,1993.0,1015219.0,6092612.0,0.99,6178453.0,4859189.0,1244.0,1584.08,0
3528,705840.0,217792.0,1648909.0,705840.0,0.74,2718512.0,1463933.0,44179.0,865.39,0
3529,6591824.0,102984.0,4869198.0,6591824.0,1.0,7255411.0,3251819.0,0.0,0.0,0
3533,55568.0,1450.0,155296.0,55568.0,0.57,0.0,0.0,0.0,246.18,0
3536,1013141.0,1808.0,205148.0,1013141.0,0.86,0.0,0.0,0.0,0.0,0
356,644940.0,18428.0,811079.0,644940.0,1.0,1377215.0,1038828.0,220355.0,2666.29,0
384,190103.0,2941.0,103654.0,190103.0,1.0,0.0,0.0,0.0,0.0,0
415,33047080.0,1958395.0,52356230.0,33047080.0,0.99,48692042.0,64870500.0,477537.0,0.0,0
435,1937198.0,643691.0,1408167.0,2019620.0,0.93,6941118.0,5856345.0,9082.0,5747.0,0
444,337730.0,79.0,488666.0,337730.0,0.99,363983.0,339669.0,46500.0,0.0,0
478,2143242.0,61126.0,2197988.0,2143242.0,0.99,3432809.0,1123027.0,100760.0,0.0,0
480,13908936.0,2820883.0,13128819.0,13908936.0,1.0,29149845.0,26280706.0,1055744.0,0.0,0
481,1526082.0,268920.0,3850459.0,1526082.0,1.0,3307602.0,1463159.0,2586748.0,0.0,0
485,7828553.0,1160116.0,32007948.0,12558221.0,1.05,17700992.0,17654221.0,512303.0,49890.93,0
492,2461275.0,7133.0,780648.0,2461275.0,1.0,2454543.0,1660239.0,634827.0,0.0,0
52,688568.0,7743.0,14453442.0,688568.0,0.97,1884882.0,3061504.0,508180.0,0.0,0
520,306789.0,85869.0,8505454.0,317861.0,1.0,3273880.0,1441221.0,1020617.0,12454.39,0
53,3324100.0,67210.0,9858671.0,3324100.0,1.0,6471766.0,7125773.0,1120639.0,4019.88,0
537,1209275.0,3184.0,901716.0,1209275.0,1.0,1277865.0,929115.0,64455.0,0.0,0
538,63341.0,1346.0,474728.0,63341.0,1.0,765055.0,301248.0,187023.0,0.0,0
554,2223591.0,1015366.0,25187677.0,2220001.0,1.0,16261263.0,13572397.0,14919954.0,64226.76,0
574,572376.0,3185.0,122718.0,572376.0,0.99,639000.0,144106.0,57504.0,0.0,0
575,972773.0,204.0,435951.0,972773.0,1.07,1682036.0,136873.0,55805.0,14594.23,0
588,45233657.0,3010363.0,41382511.0,45113806.0,1.0,58925464.0,54608971.0,895465.0,0.0,0
600,3221736.0,342155.0,18417831.0,3221736.0,0.98,16564940.0,18859485.0,2581829.0,0.0,0
604,381869.0,21655.0,1600332.0,381869.0,1.0,1704362.0,1543201.0,169593.0,0.0,0
609,1098422.0,52579.0,3519847.0,1098422.0,0.99,2159002.0,3161495.0,372027.0,0.0,0
646,4215418.0,270750.0,5760346.0,4215418.0,1.0,5610667.0,4549304.0,650518.0,5921.3,0
65,5526532.0,128778.0,21322167.0,5526532.0,1.0,19118359.0,14843741.0,1794529.0,0.0,0
665,377671.0,188613.0,4090566.0,377565.0,0.96,1443517.0,639824.0,1183416.0,0.0,0
67,4579916.0,210.0,7940916.0,4579625.0,1.0,6402076.0,4995263.0,4481799.0,22229.0,0
685,490843.0,0.0,172866.0,490843.0,0.91,537016.0,171071.0,0.0,0.0,0
695,481658.0,16822.0,444739.0,481658.0,1.0,575754.0,386482.0,411521.0,1354.39,0
702,1781162.0,21279.0,7669219.0,1781162.0,0.99,2803237.0,2546430.0,201066.0,0.0,0
760,3272942.0,177190.0,3669825.0,3272942.0,0.99,3708154.0,2480932.0,63701.0,0.0,0
817,164495.0,27728.0,1814890.0,164495.0,1.0,730648.0,534270.0,357305.0,4756.0,0
841,110346.0,2440.0,543987.0,110346.0,0.97,309098.0,176908.0,17367.0,0.0,0
842,486853.0,2080.0,1663858.0,486853.0,0.95,666952.0,737776.0,454357.0,1883.53,0
843,13818996.0,99997.0,17212839.0,13688583.0,1.0,8281958.0,19776834.0,2030660.0,0.0,0
85,315542.0,2.0,800571.0,315542.0,0.99,354075.0,275541.0,66301.0,967.79,0
857,1792383.0,68122.0,1782531.0,1792383.0,0.96,2714426.0,2650348.0,29205.0,0.0,0
874,283167.0,1209.0,687106.0,283167.0,1.0,301267.0,161537.0,148208.0,0.0,0
875,1240791.0,1281.0,998615.0,1240791.0,1.0,1362814.0,1190536.0,178352.0,0.0,0
902,4388852.0,111654.0,6417316.0,4388852.0,1.25,7590214.0,6067989.0,1303066.0,10280.03,0
933,907437.0,3796.0,570289.0,907437.0,1.0,1049590.0,846209.0,75780.0,0.0,0
937,1621127.0,56786.0,957640.0,1672241.0,1.0,2125788.0,1601428.0,121535.0,0.0,0
965,255925.0,11777.0,2436932.0,255925.0,1.01,935742.0,865163.0,110735.0,949.94,0
969,1145622.0,5994.0,351664.0,1145622.0,0.96,2232211.0,372460.0,0.0,0.0,0
990,812285.0,3974.0,232931.0,812285.0,1.05,730484.0,694052.0,25974.0,0.0,0
